 to your browser,לדפדפן שלך,
"""Company History""","""היסטוריה של חברה""",
"""Parent"" signifies the parent table in which this row must be added","""הורה"" מסמל את שולחן ההורה שבו יש להוסיף את השורה הזו",
"""Team Members"" or ""Management""","""חברי צוות"" או ""ניהול""",
"""amended_from"" field must be present to do an amendment.",השדה &quot;מתוקן_מ&quot; חייב להיות נוכח כדי לבצע תיקון.,
"""{0}"" is not a valid Google Sheets URL",&quot;{0}&quot; אינו כתובת אתר חוקית של Google Sheets,
#{0},#{0},
${values.doctype_name} has been added to queue for optimization,${values.doctype_name} נוסף לתור לאופטימיזציה,
&copy; Frappe Technologies Pvt. Ltd. and contributors,© Frappe Technologies Pvt. בע&quot;מ ותורמים,
&lt;head&gt; HTML,&lt;ראש&gt; HTML,
'In Global Search' is not allowed for field {0} of type {1},&#39;בחיפוש גלובלי&#39; אסור בשדה {0} מסוג {1},
'In Global Search' not allowed for type {0} in row {1},&#39;בחיפוש גלובלי&#39; אסור לסוג {0} בשורה {1},
'In List View' is not allowed for field {0} of type {1},&#39;בתצוגת רשימה&#39; אסור בשדה {0} מסוג {1},
'In List View' not allowed for type {0} in row {1},"""ברשימת צפייה 'לא אפשר לסוג {0} בשורת {1}",
'Recipients' not specified,&#39;מקבלי&#39; לא צוינו,
'{0}' is not a valid URL,&#39;{0}&#39; אינו כתובת אתר חוקית,
'{0}' not allowed for type {1} in row {2},אסור &#39;{0}&#39; לסוג {1} בשורה {2},
(Mandatory),(חובה),
** Failed: {0} to {1}: {2},** נכשל: {0} {1}: {2},
+ Add / Remove Fields,+ הוסף/הסר שדות,
0 - Draft; 1 - Submitted; 2 - Cancelled,0 - טיוטה; 1 - נשלח; 2 - בוטל,
0 is highest,0 הוא גבוהה ביותר,
1 = True & 0 = False,1 = נכון ו-0 = לא נכון,
"1 Currency = [?] Fraction
For e.g. 1 USD = 100 Cent","1 מטבע = [?] שבר
לדוגמה 1 דולר = 100 סנט",
1 Day,1 יום,
1 Google Calendar Event synced.,אירוע יומן Google אחד מסונכרן.,
1 Report,דוח 1,
1 comment,1 תגובה,
1 day ago,לפני יום אחד,
1 hour,שעה אחת,
1 hour ago,לפני שעה 1,
1 minute ago,לפני דקה 1,
1 month ago,לפני חודש,
1 of 2,1 מתוך 2,
1 record will be exported,רשומה אחת תיוצא,
1 second ago,לפני שנייה אחת,
1 week ago,לפני שבוע 1,
1 year ago,לפני שנה,
2 hours ago,לפני שעתיים,
2 months ago,לפני חודשיים,
2 weeks ago,לפני שבועיים,
2 years ago,לפני שנתיים,
3 minutes ago,לפני 3 דקות,
30 minutes,30 דקות,
4 hours,4 שעות,
5 Records,5 רשומות,
5 days ago,לפני 5 ימים,
; not allowed in condition,; אסור במצב,
<b>{0}</b> is not a valid URL,<b>{0}</b> אינו כתובת אתר חוקית,
"<div class=""alert"">Please don't update it as it can mess up your form. Use the Customize Form View and Custom Fields to set properties!</div>","<div class=""alert"" style="";text-align:right;direction:rtl"">נא לא לעדכן אותו כי זה יכול לבלבל את הטופס שלך. השתמש בתצוגת התאמה אישית של טופס ושדות מותאמים אישית כדי להגדיר מאפיינים!</div>",
"<div class=""well"">
    Edit list of Series in the box. Rules:
    <ul>
        <li>Each Series Prefix on a new line.</li>
        <li>Allowed special characters are ""/"" and ""-""</li>
        <li>
            Optionally, set the number of digits in the series using dot (.)
            followed by hashes (#). For example, "".####"" means that the series
            will have four digits. Default is five digits.
        </li>
        <li>
            You can also use variables in the series name by putting them
            between (.) dots
            <br>
            Supported Variables:
            <ul>
                <li><code>.YYYY.</code> - Year in 4 digits</li>
                <li><code>.YY.</code> - Year in 2 digits</li>
                <li><code>.MM.</code> - Month</li>
                <li><code>.DD.</code> - Day of month</li>
                <li><code>.WW.</code> - Week of the year</li>
                <li><code>.FY.</code> - Fiscal Year</li>
                <li>
                    <code>.{fieldname}.</code> - fieldname on the document e.g.
                    <code>branch</code>
                </li>
            </ul>
        </li>
    </ul>
    Examples:
    <ul>
        <li>INV-</li>
        <li>INV-10-</li>
        <li>INVK-</li>
        <li>INV-.YYYY.-.{branch}.-.MM.-.####</li>
    </ul>
</div>
<br>
","<div class=""well"" style="";text-align:right;direction:rtl"">
 ערוך את רשימת הסדרות בתיבה. כללים:
<ul style="";text-align:right;direction:rtl""> 
<li style="";text-align:right;direction:rtl""> כל קידומת סדרה בשורה חדשה.</li> 
<li style="";text-align:right;direction:rtl""> התווים המיוחדים המותרים הם &quot;/&quot; ו-&quot;-&quot;</li> 
<li style="";text-align:right;direction:rtl""> 
 לחלופין, הגדר את מספר הספרות בסדרה באמצעות נקודה (.)
 ואחריו hashes (#). לדוגמה, &quot;.####&quot; פירושו שהסדרה
 יהיו עם ארבע ספרות. ברירת המחדל היא חמש ספרות.
</li> 
<li style="";text-align:right;direction:rtl""> 
 אתה יכול גם להשתמש במשתנים בשם הסדרה על ידי הצבתם
 בין (.) נקודות
<br> 
 משתנים נתמכים:
<ul style="";text-align:right;direction:rtl""> 
<li style="";text-align:right;direction:rtl""> <code>.YYYY.</code> - שנה ב-4 ספרות</li> 
<li style="";text-align:right;direction:rtl""> <code>.YY.</code> - שנה ב-2 ספרות</li> 
<li style="";text-align:right;direction:rtl""> <code>.MM.</code> - חודש</li> 
<li style="";text-align:right;direction:rtl""> <code>.DD.</code> - יום בחודש</li> 
<li style="";text-align:right;direction:rtl""> <code>.WW.</code> - שבוע בשנה</li> 
<li style="";text-align:right;direction:rtl""> <code>.FY.</code> - שנת כספים</li> 
<li style="";text-align:right;direction:rtl""> 
 <code>.{fieldname}.</code> - שם שדה במסמך למשל
 <code>branch</code> 
</li> 
</ul> 
</li> 
</ul> 
 דוגמאות:
<ul style="";text-align:right;direction:rtl""> 
<li style="";text-align:right;direction:rtl""> INV-</li> 
<li style="";text-align:right;direction:rtl""> INV-10-</li> 
<li style="";text-align:right;direction:rtl""> INVK-</li> 
<li style="";text-align:right;direction:rtl""> INV-.YYYY.-.{branch}.-.MM.-.####</li> 
</ul> 
</div> 
<br> 
",
"<h3>Print Format Help</h3>
<hr>
<h4>Introduction</h4>
<p>Print Formats are rendered on the server side using the Jinja Templating Language. All forms have access to the <code>doc</code> object which contains information about the document that is being formatted. You can also access common utilities via the <code>frappe</code> module.</p>
<p>For styling, the Boostrap CSS framework is provided and you can enjoy the full range of classes.</p>
<hr>
<h4>References</h4>
<ol>
	<li><a href=""http://jinja.pocoo.org/docs/templates/"" target=""_blank"">Jinja Templating Language</a></li>
	<li><a href=""http://getbootstrap.com"" target=""_blank"">Bootstrap CSS Framework</a></li>
</ol>
<hr>
<h4>Example</h4>
<pre><code>&lt;h3&gt;{{ doc.select_print_heading or ""Invoice"" }}&lt;/h3&gt;
&lt;div class=""row""&gt;
	&lt;div class=""col-md-3 text-right""&gt;Customer Name&lt;/div&gt;
	&lt;div class=""col-md-9""&gt;{{ doc.customer_name }}&lt;/div&gt;
&lt;/div&gt;
&lt;div class=""row""&gt;
	&lt;div class=""col-md-3 text-right""&gt;Date&lt;/div&gt;
	&lt;div class=""col-md-9""&gt;{{ doc.get_formatted(""invoice_date"") }}&lt;/div&gt;
&lt;/div&gt;
&lt;table class=""table table-bordered""&gt;
	&lt;tbody&gt;
		&lt;tr&gt;
			&lt;th&gt;Sr&lt;/th&gt;
			&lt;th&gt;Item Name&lt;/th&gt;
			&lt;th&gt;Description&lt;/th&gt;
			&lt;th class=""text-right""&gt;Qty&lt;/th&gt;
			&lt;th class=""text-right""&gt;Rate&lt;/th&gt;
			&lt;th class=""text-right""&gt;Amount&lt;/th&gt;
		&lt;/tr&gt;
		{%- for row in doc.items -%}
		&lt;tr&gt;
			&lt;td style=""width: 3%;""&gt;{{ row.idx }}&lt;/td&gt;
			&lt;td style=""width: 20%;""&gt;
				{{ row.item_name }}
				{% if row.item_code != row.item_name -%}
				&lt;br&gt;Item Code: {{ row.item_code}}
				{%- endif %}
			&lt;/td&gt;
			&lt;td style=""width: 37%;""&gt;
				&lt;div style=""border: 0px;""&gt;{{ row.description }}&lt;/div&gt;&lt;/td&gt;
			&lt;td style=""width: 10%; text-align: right;""&gt;{{ row.qty }} {{ row.uom or row.stock_uom }}&lt;/td&gt;
			&lt;td style=""width: 15%; text-align: right;""&gt;{{
				row.get_formatted(""rate"", doc) }}&lt;/td&gt;
			&lt;td style=""width: 15%; text-align: right;""&gt;{{
				row.get_formatted(""amount"", doc) }}&lt;/td&gt;
		&lt;/tr&gt;
		{%- endfor -%}
	&lt;/tbody&gt;
&lt;/table&gt;</code></pre>
<hr>
<h4>Common Functions</h4>
<table class=""table table-bordered"">
	<tbody>
		<tr>
			<td style=""width: 30%;""><code>doc.get_formatted(""[fieldname]"", [parent_doc])</code></td>
			<td>Get document value formatted as Date, Currency, etc. Pass parent <code>doc</code> for currency type fields.</td>
		</tr>
		<tr>
			<td style=""width: 30%;""><code>frappe.db.get_value(""[doctype]"", ""[name]"", ""fieldname"")</code></td>
			<td>Get value from another document.</td>
		</tr>
	</tbody>
</table>
","<h3 style="";text-align:right;direction:rtl"">עזרה בפורמט הדפסה</h3> 
<hr> 
<h4 style="";text-align:right;direction:rtl""> מבוא</h4> 
<p style="";text-align:right;direction:rtl""> פורמטי הדפסה מוצגים בצד השרת באמצעות שפת התבנית Jinja. לכל הטפסים יש גישה לאובייקט <code>doc</code> המכיל מידע על המסמך שעומד לעצב. אתה יכול גם לגשת לכלי עזר נפוצים דרך מודול <code>frappe</code> .</p> 
<p style="";text-align:right;direction:rtl""> לסטיילינג מסופקת מסגרת Boostrap CSS ותוכלו ליהנות מכל מגוון השיעורים.</p> 
<hr> 
<h4 style="";text-align:right;direction:rtl""> הפניות</h4> 
<ol style="";text-align:right;direction:rtl""> 
<li style="";text-align:right;direction:rtl""> <a href=""http://jinja.pocoo.org/docs/templates/"" target=""_blank"">שפת תבנית ג&#39;ינג&#39;ה</a></li> 
<li style="";text-align:right;direction:rtl""> <a href=""http://getbootstrap.com"" target=""_blank"">Bootstrap CSS Framework</a></li> 
</ol> 
<hr> 
<h4 style="";text-align:right;direction:rtl""> דוגמה</h4> 
<pre style="";text-align:right;direction:rtl""> <code>&lt;h3&gt;{{ doc.select_print_heading or &quot;Invoice&quot; }}&lt;/h3&gt;
&lt;div class=&quot;row&quot;&gt;
 &lt;div class=&quot;col-md-3 text-right&quot;&gt;Customer Name&lt;/div&gt;
 &lt;div class=&quot;col-md-9&quot;&gt;{{ doc.customer_name }}&lt;/div&gt;
&lt;/div&gt;
&lt;div class=&quot;row&quot;&gt;
 &lt;div class=&quot;col-md-3 text-right&quot;&gt;Date&lt;/div&gt;
 &lt;div class=&quot;col-md-9&quot;&gt;{{ doc.get_formatted(&quot;invoice_date&quot;) }}&lt;/div&gt;
&lt;/div&gt;
&lt;table class=&quot;table table-bordered&quot;&gt;
 &lt;tbody&gt;
 &lt;tr&gt;
 &lt;th&gt;Sr&lt;/th&gt;
 &lt;th&gt;Item Name&lt;/th&gt;
 &lt;th&gt;Description&lt;/th&gt;
 &lt;th class=&quot;text-right&quot;&gt;Qty&lt;/th&gt;
 &lt;th class=&quot;text-right&quot;&gt;Rate&lt;/th&gt;
 &lt;th class=&quot;text-right&quot;&gt;Amount&lt;/th&gt;
 &lt;/tr&gt;
 {%- for row in doc.items -%}
 &lt;tr&gt;
 &lt;td style=&quot;width: 3%;&quot;&gt;{{ row.idx }}&lt;/td&gt;
 &lt;td style=&quot;width: 20%;&quot;&gt;
 {{ row.item_name }}
 {% if row.item_code != row.item_name -%}
 &lt;br&gt;Item Code: {{ row.item_code}}
 {%- endif %}
 &lt;/td&gt;
 &lt;td style=&quot;width: 37%;&quot;&gt;
 &lt;div style=&quot;border: 0px;&quot;&gt;{{ row.description }}&lt;/div&gt;&lt;/td&gt;
 &lt;td style=&quot;width: 10%; text-align: right;&quot;&gt;{{ row.qty }} {{ row.uom or row.stock_uom }}&lt;/td&gt;
 &lt;td style=&quot;width: 15%; text-align: right;&quot;&gt;{{
 row.get_formatted(&quot;rate&quot;, doc) }}&lt;/td&gt;
 &lt;td style=&quot;width: 15%; text-align: right;&quot;&gt;{{
 row.get_formatted(&quot;amount&quot;, doc) }}&lt;/td&gt;
 &lt;/tr&gt;
 {%- endfor -%}
 &lt;/tbody&gt;
&lt;/table&gt;</code></pre> 
<hr> 
<h4 style="";text-align:right;direction:rtl""> פונקציות נפוצות</h4> 
<table class=""table table-bordered"" style="";text-align:right;direction:rtl""> 
<tbody> 
<tr> 
<td style=""width: 30%;""> <code>doc.get_formatted(&quot;[fieldname]&quot;, [parent_doc])</code></td> 
<td> קבל ערך מסמך בפורמט של תאריך, מטבע וכו&#39;. העבר <code>doc</code> אב עבור שדות מסוג מטבע.</td> 
</tr> 
<tr> 
<td style=""width: 30%;""> <code>frappe.db.get_value(&quot;[doctype]&quot;, &quot;[name]&quot;, &quot;fieldname&quot;)</code></td> 
<td> קבל ערך ממסמך אחר.</td> 
</tr> 
</tbody> 
</table> 
",
"<h4>Default Template</h4>
<p>Uses <a href=""http://jinja.pocoo.org/docs/templates/"">Jinja Templating</a> and all the fields of Address (including Custom Fields if any) will be available</p>
<pre><code>{{ address_line1 }}&lt;br&gt;
{% if address_line2 %}{{ address_line2 }}&lt;br&gt;{% endif -%}
{{ city }}&lt;br&gt;
{% if state %}{{ state }}&lt;br&gt;{% endif -%}
{% if pincode %} PIN:  {{ pincode }}&lt;br&gt;{% endif -%}
{{ country }}&lt;br&gt;
{% if phone %}Phone: {{ phone }}&lt;br&gt;{% endif -%}
{% if fax %}Fax: {{ fax }}&lt;br&gt;{% endif -%}
{% if email_id %}Email: {{ email_id }}&lt;br&gt;{% endif -%}
</code></pre>","<h4 style="";text-align:right;direction:rtl"">תבנית ברירת מחדל</h4> 
<p style="";text-align:right;direction:rtl""> משתמש ב- <a href=""http://jinja.pocoo.org/docs/templates/"">Jinja Templating</a> וכל שדות הכתובת (כולל שדות מותאמים אישית אם קיימים) יהיו זמינים</p> 
<pre style="";text-align:right;direction:rtl""> <code>{{ address_line1 }}&lt;br&gt;
{% if address_line2 %}{{ address_line2 }}&lt;br&gt;{% endif -%}
{{ city }}&lt;br&gt;
{% if state %}{{ state }}&lt;br&gt;{% endif -%}
{% if pincode %} PIN: {{ pincode }}&lt;br&gt;{% endif -%}
{{ country }}&lt;br&gt;
{% if phone %}Phone: {{ phone }}&lt;br&gt;{% endif -%}
{% if fax %}Fax: {{ fax }}&lt;br&gt;{% endif -%}
{% if email_id %}Email: {{ email_id }}&lt;br&gt;{% endif -%}
</code></pre>",
"<h5 class=""text-muted uppercase"">Or</h5>","<h5 class=""text-muted uppercase"" style="";text-align:right;direction:rtl"">או</h5>",
"<p><strong>Condition Examples:</strong></p>
<pre>doc.status==""Open""<br>doc.due_date==nowdate()<br>doc.total &gt; 40000
</pre>","<p style="";text-align:right;direction:rtl""><strong>דוגמאות למצב:</strong></p> 
<pre style="";text-align:right;direction:rtl""> doc.status==&quot;פתוח&quot;<br> doc.due_date==nowdate()<br> doc.total &gt; 40000
</pre>",
"<p><strong>Condition Examples:</strong></p>
<pre>doc.status==""Open""<br>doc.due_date==nowdate()<br>doc.total &gt; 40000
</pre>
","<p style="";text-align:right;direction:rtl""><strong>דוגמאות למצב:</strong></p> 
<pre style="";text-align:right;direction:rtl""> doc.status==&quot;פתוח&quot;<br> doc.due_date==nowdate()<br> doc.total &gt; 40000
</pre> 
",
"<p>Multiple webforms can be created for a single doctype. Add filters specific to this webform to display correct record after submission.</p><p>For Example:</p>
<p>If you create a separate webform every year to capture feedback from employees add a 
 field named year in doctype and add a filter <b>year = 2023</b></p>
","<p style="";text-align:right;direction:rtl"">ניתן ליצור טופסי אינטרנט מרובים עבור doctype יחיד. הוסף מסננים ספציפיים לטופס אינטרנט זה כדי להציג את הרשומה הנכונה לאחר ההגשה.</p><p style="";text-align:right;direction:rtl""> לדוגמה:</p> 
<p style="";text-align:right;direction:rtl""> אם אתה יוצר טופס אינטרנט נפרד מדי שנה כדי ללכוד משוב מהעובדים, הוסף 
 שדה בשם שנה ב-doctype והוסף <b>שנה מסנן = 2023</b></p> 
",
"<p>Set context before rendering a template. Example:</p><p>
</p><div><pre><code>
context.project = frappe.get_doc(""Project"", frappe.form_dict.name)
</code></pre></div>","<p style="";text-align:right;direction:rtl"">הגדר הקשר לפני עיבוד תבנית. דוגמה:</p><p style="";text-align:right;direction:rtl""> 
</p><div style="";text-align:right;direction:rtl""><pre style="";text-align:right;direction:rtl""> <code>
context.project = frappe.get_doc(&quot;Project&quot;, frappe.form_dict.name)
</code></pre></div>",
"<p>To interact with above HTML you will have to use `root_element` as a parent selector.</p><p>For example:</p><pre class=""p-3 bg-gray-100 border-radius rounded-sm mb-0"" style=""width: fit-content;""><code>// here root_element is provided by default
let some_class_element = root_element.querySelector('.some-class');
some_class_element.textContent = ""New content"";
</code></pre>","<p style="";text-align:right;direction:rtl"">כדי ליצור אינטראקציה עם ה-HTML שלמעלה תצטרך להשתמש ב-&#39;root_element&#39; בתור בורר הורה.</p><p style="";text-align:right;direction:rtl""> לדוגמה:</p><pre class=""p-3 bg-gray-100 border-radius rounded-sm mb-0"" style=""width: fit-content;;text-align:right;direction:rtl""> <code>// here root_element is provided by default
let some_class_element = root_element.querySelector(&#39;.some-class&#39;);
some_class_element.textContent = &quot;New content&quot;;
</code></pre>",
"<p>Your OTP secret on {0} has been reset. If you did not perform this reset and did not request it, please contact your System Administrator immediately.</p>","<p style="";text-align:right;direction:rtl"">סוד ה-OTP שלך ב-{0} אופס. אם לא ביצעת איפוס זה ולא ביקשת זאת, אנא פנה מיד למנהל המערכת שלך.</p>",
<strong>Warning:</strong> This field is system generated and may be overwritten by a future update. Modify it using {0} instead.,<strong>אזהרה:</strong> שדה זה נוצר על ידי מערכת ועשוי להיחלף על ידי עדכון עתידי. שנה אותו באמצעות {0} במקום זאת.,
"A DocType's name should start with a letter and can only consist of letters, numbers, spaces, underscores and hyphens","שם של DocType צריך להתחיל באות ויכול להכיל רק אותיות, מספרים, רווחים, קווים תחתונים ומקפים",
A featured post must have a cover image,לפוסט מוצג חייבת להיות תמונת שער,
A field with the name {0} already exists in {1},שדה עם השם {0} כבר קיים ב-{1},
A file with same name {} already exists,כבר קיים קובץ עם אותו שם {},
A list of resources which the Client App will have access to after the user allows it.<br> e.g. project,רשימת משאבים אליהם תהיה גישה לאפליקציית הלקוח לאחר שהמשתמש מאפשר זאת.<br> למשל פרויקט,
A new account has been created for you at {0},חשבון חדש נוצר עבורך {0},
A recurring {0} {1} has been created for you via Auto Repeat {2}.,נוצר עבורך {0} {1} דרך חזרה אוטומטית {2}.,
A symbol for this currency. For e.g. $,סימן של מטבע זה. לדוגמה: $$,
A template already exists for field {0} of {1},כבר קיימת תבנית עבור שדה {0} מתוך {1},
A word by itself is easy to guess.,מילה בפני עצמה קל לנחש.,
A0,A0,
A1,A1,
A2,A2,
A3,A3,
A4,A4,
A5,A5,
A6,A6,
A7,A7,
A8,A8,
A9,A9,
ALL,כל,
API,ממשק API,
API Access,גישה ל- API,
API Endpoint,נקודת סיום API,
API Endpoint Args,API Endpoint Args,
API Key,מפתח API,
API Key and Secret to interact with the relay server. These will be auto-generated when the first push notification is sent from any of the apps installed on this site.,מפתח API וסוד לאינטראקציה עם שרת הממסר. אלה יופקו אוטומטית כאשר הודעת הדחיפה הראשונה תישלח מכל אחת מהאפליקציות המותקנות באתר זה.,
API Key cannot be regenerated,לא ניתן ליצור מחדש מפתח API,
API Method,שיטת API,
API Secret,API Secret,
ASC,ASC,
About,אודות,
About Us,אודותינו,
About Us Settings,אודות הגדרות קשר,
About Us Team Member,אודות חבר צוות,
About {0} minute remaining,בערך {0} דקה שנותרה,
About {0} minutes remaining,נותרו בערך {0} דקות,
About {0} seconds remaining,נותרו בערך {0} שניות,
Access Control,בקרת גישה,
Access Key ID,זיהוי מפתח גישה,
Access Key Secret,סוד מפתח גישה,
Access Log,יומן גישה,
Access Token,גישת אסימון,
Access Token URL,כתובת URL של אסימון גישה,
Access not allowed from this IP Address,גישה מותרת מכתובת IP זו,
Account,חשבון,
Account Deletion Settings,הגדרות מחיקת חשבון,
Accounts Manager,מנהל חשבונות,
Accounts User,חשבונות משתמשים,
Action,פעולה,
Action / Route,פעולה / מסלול,
Action Complete,הפעולה הושלמה,
Action Failed,הפעולה נכשלה,
Action Label,תווית פעולה,
Action Timeout (Seconds),פסק זמן לפעולה (שניות),
Action Type,סוג פעולה,
Action {0} completed successfully on {1} {2}. View it {3},פעולה {0} הושלמה בהצלחה ב-{1} {2}. הצג אותו {3},
Action {0} failed on {1} {2}. View it {3},הפעולה {0} נכשלה ב-{1} {2}. הצג אותו {3},
Actions,פעולות,
Activate,להפעיל,
Active,פעיל,
Active Directory,Active Directory,
Active Domains,תחומים פעילים,
Active Sessions,מפגשים אקטיבים,
Activity,פעילות,
Activity Log,יומן פעילות,
Add,להוסיף,
Add / Remove Columns,הוסף/הסר עמודות,
Add / Update,הוספה / עדכון,
Add A New Rule,הוספת של חוק חדש,
Add Attachment,הוסף קובץ מצורף,
Add Background Image,הוסף תמונת רקע,
Add Border at Bottom,הוסף גבול בתחתית,
Add Border at Top,הוסף גבול למעלה,
Add Card to Dashboard,הוסף כרטיס ללוח המחוונים,
Add Chart to Dashboard,הוסף תרשים למרכז השליטה,
Add Child,הוסף לילדים,
Add Column,להוסיף טור,
Add Contact,הוסף איש קשר,
Add Contacts,הוסף אנשי קשר,
Add Container,הוסף מיכל,
Add Custom Tags,הוסף תגים מותאמים אישית,
Add Filters,הוסף מסננים,
Add Gray Background,הוסף רקע אפור,
Add Group,הוסף קבוצה,
Add Indexes,הוסף אינדקסים,
Add Multiple,הוסף מרובה,
Add New,הוסף חדש,
Add New Permission Rule,הוסף כלל אישורים והיתרים חדשים,
Add Participants,להוסיף משתתפים,
Add Query Parameters,הוסף פרמטרים של שאילתה,
Add Review,הוסף ביקורת,
Add Roles,הוסף תפקידים,
Add Row,להוסיף שורה,
Add Signature,להוסיף את החתימה,
Add Space at Bottom,הוסף מקום בתחתית,
Add Space at Top,הוסף מקום בראש,
Add Subscribers,להוסיף מנויים,
Add Tags,הוסף תגיות,Button in list view actions menu
Add Template,הוסף תבנית,
Add Total Row,"להוסיף סה""כ Row",
Add Unsubscribe Link,הוסף קישור ביטול מנוי,
Add User Permissions,הוסף הרשאות משתמש,
Add Video Conferencing,הוסף ועידת וידאו,
Add a Filter,הוסף מסנן,
Add a New Role,הוסף תפקיד חדש,
Add a Row,הוסף שורה,
Add a comment,הוסף ביקורת,
Add a new section,הוסף קטע חדש,
Add a row above the current row,הוסף שורה מעל השורה הנוכחית,
Add a row at the bottom,הוסף שורה בתחתית,
Add a row at the top,הוסף שורה למעלה,
Add a row below the current row,הוסף שורה מתחת לשורה הנוכחית,
Add a {0} Chart,הוסף תרשים {0},
Add column,הוסף עמודה,
Add field,הוסף שדה,
Add new tab,הוסף כרטיסייה חדשה,
Add page break,הוסף מעבר עמוד,
Add script for Child Table,הוסף סקריפט לשולחן ילד,
Add section above,הוסף סעיף למעלה,
Add section below,הוסף סעיף למטה,
Add tab,הוסף כרטיסייה,
Add to Dashboard,הוסף למרכז השליטה,
Add to ToDo,הוסף ל- ToDo,
Add to table,הוסף לטבלה,
Add to this activity by mailing to {0},הוסף לפעילות זו על ידי שליחת דואר אל {0},
Add {0},הוסף {0},Primary action in list view
Add/Update Filter,הוסף/עדכן מסנן,
"Added HTML in the &lt;head&gt; section of the web page, primarily used for website verification and SEO","HTML הוסיף ב&lt; head&gt; של דף האינטרנט, המשמש בעיקר לאימות אתר וקידום אתרים",
Added default log doctypes: {},נוספו ברירת מחדל של מסמכים ביומן: {},
Added {0},נוסף {0},
Added {0} ({1}),הוסיף {0} ({1}),
Additional Permissions,הרשאות נוספות,
Address,כתובת,
Address Line 1,שורת כתובת 1,
Address Line 2,שורת כתובת 2,
Address Template,תבנית כתובת,
Address Title,כותרת כתובת,
Address Title is mandatory.,כותרת כתובת היא חובה.,
Address Type,סוג הכתובת,
Address and other legal information you may want to put in the footer.,כתובת ומידע משפטי אחר שאולי כדאי לשים בכותרת התחתונה.,
Addresses,כתובות,
Addresses And Contacts,כתובות ואנשי קשר,
Adds a custom client script to a DocType,מוסיף סקריפט לקוח מותאם אישית ל-DocType,
Adds a custom field to a DocType,מוסיף שדה מותאם אישית לDOCTYPE,
Administration,מנהל,
Administrator,מנהל,
Administrator Logged In,מנהל מחובר,
Administrator accessed {0} on {1} via IP Address {2}.,מנהל נצפה {0} על {1} באמצעות כתובת IP {2}.,
Advanced,מתקדם,
Advanced Control,שליטה מתקדמת,
Advanced Search,חיפוש מתקדם,
Advanced Settings,הגדרות מתקדמות,
After,לאחר,
After Cancel,לאחר ביטול,
After Delete,לאחר מחיקה,
After Insert,לאחר הכנס,
After Rename,לאחר שינוי שם,
After Save,לאחר שמירה,
After Save (Submitted Document),לאחר שמירה (מסמך שהוגש),
After Submission,לאחר ההגשה,
After Submit,לאחר הגשה,
Aggregate Field is required to create a number card,שדה מצטבר נדרש ליצירת כרטיס מספר,
Aggregate Function Based On,פונקציה מצטברת המבוססת על,
Aggregate Function field is required to create a dashboard chart,נדרש שדה פונקציה מצטבר כדי ליצור תרשים לוח מחוונים,
Alert,ערני,
Align,יישר,
Align Labels to the Right,יישר תוויות ימינה,
Align Right,ליישור מימין,
Align Value,יישור ערך,
All,כל,
All Day,כל היום,
All Images attached to Website Slideshow should be public,כל התמונות המצורפות למצגת האתר צריכות להיות ציבוריות,
All Records,כל הרשומות,
All Results,כל התוצאות,
All Submissions,כל ההגשות,
All Time,כל הזמן,
All customizations will be removed. Please confirm.,כל ההתאמות האישיות יוסרו. אנא אשר.,
All fields are necessary to submit the comment.,כל השדות נחוצים כדי לשלוח את ההערה.,
"All possible Workflow States and roles of the workflow. Docstatus Options: 0 is ""Saved"", 1 is ""Submitted"" and 2 is ""Cancelled""","כל מצבי זרימת העבודה האפשריים והתפקידים של זרימת העבודה. אפשרויות Docstatus: 0 הוא &quot;שמור&quot;, 1 הוא &quot;נשלח&quot; ו-2 הוא &quot;מבוטל&quot;",
All-uppercase is almost as easy to guess as all-lowercase.,All-רישיות הוא כמעט כמו קל לנחש כמו כל-הקטנה.,
Allocated To,שהוקצה ל,
Allot Points To Assigned Users,הקצאת נקודות למשתמשים שהוקצו,
Allow,להתיר,
Allow API Indexing Access,אפשר גישה לאינדקס API,
Allow Auto Repeat,אפשר חזרה אוטומטית,
Allow Bulk Edit,אפשר עריכה בכמות גדולה,
Allow Bulk Editing,אפשר עריכה בכמות גדולה,
Allow Comments,אפשר הערות,
Allow Consecutive Login Attempts ,אפשר ניסיונות כניסה רצופים,
Allow Delete,לאפשר מחיקה,
Allow Dropbox Access,אפשר גישה Dropbox,
Allow Editing After Submit,אפשר עריכה לאחר השליחה,
Allow Google Calendar Access,אפשר גישה ליומן Google,
Allow Google Contacts Access,אפשר גישה לאנשי הקשר של Google,
Allow Google Drive Access,לאפשר גישה ל- Google Drive,
Allow Guest,אפשר לאורח,
Allow Guest to View,אפשר לאורח לצפות,
Allow Guest to comment,אפשר לאורח להגיב,
Allow Guests to Upload Files,אפשר לאורחים להעלות קבצים,
Allow Import (via Data Import Tool),אפשר ייבוא (באמצעות כלי ייבוא נתונים),
Allow Incomplete Forms,אפשר טפסים לא שלמים,
Allow Login After Fail,אפשר כניסה לאחר כישלון,
Allow Login using Mobile Number,אפשר כניסה באמצעות מספר נייד,
Allow Login using User Name,אפשר כניסה באמצעות שם משתמש,
Allow Modules,אפשר מודולים,
Allow Multiple Responses,אפשר מספר תגובות,
Allow Older Web View Links (Insecure),אפשר קישורי תצוגת אינטרנט ישנים יותר (לא מאובטח),
Allow Print,אפשר הדפסה,
Allow Print for Cancelled,אפשר הדפסה עבור בוטל,
Allow Print for Draft,אפשר הדפסה עבור טיוטה,
Allow Read On All Link Options,אפשר קריאה על כל אפשרויות הקישור,
Allow Rename,לאפשר שינוי שם,
Allow Roles,אפשר תפקידים,
Allow Self Approval,אפשר אישור עצמי,
Allow Sending Usage Data for Improving Applications,אפשר שליחת נתוני שימוש לשיפור יישומים,
Allow approval for creator of the document,אפשר אישור ליוצר המסמך,
Allow document creation via Email,אפשר יצירת מסמכים באמצעות דוא&quot;ל,
Allow events in timeline,אפשר אירועים בציר הזמן,
Allow in Quick Entry,אפשר כניסה מהירה,
Allow on Submit,לאפשר בשלח,
Allow only one session per user,אפשר רק פגישה אחת לכל משתמש,
Allow page break inside tables,אפשר מעבר דפים בתוך טבלאות,
Allow saving if mandatory fields are not filled,אפשר שמירה אם שדות חובה אינם ממולאים,
Allow sending usage data for improving applications,אפשר שליחת נתוני שימוש לשיפור יישומים,
Allow user to login only after this hour (0-24),אפשר למשתמש להתחבר רק לאחר שעה זו (0-24),
Allow user to login only before this hour (0-24),אפשר למשתמש להתחבר רק לפני שעה זו (0-24),
"Allow users to log in without a password, using a login link sent to their email","אפשר למשתמשים להיכנס ללא סיסמה, באמצעות קישור כניסה שנשלח לאימייל שלהם",
Allowed,מחמד,
Allowed File Extensions,הרחבות קבצים מותרות,
Allowed In Mentions,מותר להזכיר,
Allowed Modules,מודולים מותרים,
Allowed Roles,תפקידים מותרים,
Allowed embedding domains,הטמעת דומיינים מותרים,
"Allowing DocType, DocType. Be careful!","מאפשר DOCTYPE, DOCTYPE. היזהר!",
Already Registered,רשום כבר,
Already in the following Users ToDo list:{0},כבר ברשימת המשימות הבאה של המשתמשים: {0},
Also adding the dependent currency field {0},הוספת שדה המטבע התלוי {0},
Also adding the status dependency field {0},הוספת שדה תלות הסטטוס {0},
Alternative Email ID,מזהה דוא&quot;ל חלופי,
"Always add ""Draft"" Heading for printing draft documents",הוסף תמיד כותרת &quot;טיוטה&quot; להדפסת מסמכי טיוטה,
Always use this email address as sender address,השתמש תמיד בכתובת דוא&quot;ל זו ככתובת השולח,
Always use this name as sender name,השתמש תמיד בשם זה כשם השולח,
Amend,לתקן,
Amend Counter,תקן את המונה,
Amended Document Naming Settings,הגדרות שמות מסמכים מתוקנות,
Amended Documents,מסמכים מתוקנים,
Amended From,תוקן מ,
Amending,התקנה,Freeze message while amending a document
Amendment Naming Override,ביטול שמות לתיקון,
Amendment Not Allowed,תיקון לא מותר,
Amendment naming rules updated.,תיקון כללי השמות עודכנו.,
An error occurred while setting Session Defaults,אירעה שגיאה בעת הגדרת ברירות המחדל של מושב,
An icon file with .ico extension. Should be 16 x 16 px. Generated using a favicon generator. [favicon-generator.org],קובץ סמל עם .ico הארכה. צריך להיות 16 x 16 פיקסלים. נוצר באמצעות מחולל favicon. [Favicon-generator.org],
An unexpected error occurred while authorizing {}.,אירעה שגיאה בלתי צפויה בעת הרשאת {}.,
Analytics,Analytics,
Ancestors Of,אבותיו של,
Announcement Widget,יישומון הכרזה,
Announcements,הכרזות,
Annual,שנתי,
Anonymization Matrix,מטריצת אנונימיזציה,
Anonymous responses,תגובות אנונימיות,
Another transaction is blocking this one. Please try again in a few seconds.,עסקה נוספת חוסמת את זה. אנא נסה שוב בעוד מספר שניות.,
"Another {0} with name {1} exists, select another name","אחר {0} עם שם {1} קיים, בחר שם אחר",
Any string-based printer languages can be used. Writing raw commands requires knowledge of the printer's native language provided by the printer manufacturer. Please refer to the developer manual provided by the printer manufacturer on how to write their native commands. These commands are rendered on the server side using the Jinja Templating Language.,ניתן להשתמש בכל שפות מדפסת מבוססות מחרוזת. כתיבת פקודות גולמיות מחייבת ידע בשפת האם של המדפסת המסופקת על ידי יצרן המדפסות. אנא עיין במדריך למפתחים שסופק על ידי יצרן המדפסות כיצד לכתוב את הפקודות המקוריות שלהם. פקודות אלה ניתנות בצד השרת באמצעות שפת התבנית Jinja.,
"Apart from System Manager, roles with Set User Permissions right can set permissions for other users for that Document Type.","מלבד מנהל מערכת, תפקידים עם הרשאות משתמש Set נכון יכולים להגדיר הרשאות למשתמשים אחרים עבור סוג מסמך זה.",
App,App,
App Access Key,מפתח גישה לאפליקציה,
App Access Key and/or Secret Key are not present.,מפתח גישה לאפליקציה ו/או מפתח סודי אינם קיימים.,
App Client ID,מזהה לקוח אפליקציה,
App Client Secret,סוד לקוח האפליקציה,
App ID,מזהה אפליקציה,
App Logo,לוגו האפליקציה,
App Name,שם אפליקציה,
App Secret Key,מפתח סודי לאפליקציה,
App not found for module: {0},האפליקציה לא נמצאה עבור מודול: {0},
App {0} is not installed,האפליקציה {0} אינה מותקנת,
Append Emails to Sent Folder,הוסף הודעות דוא&quot;ל לתיקיה שנשלחה,
Append To,צרף ל,
Append To can be one of {0},צרף ליכול להיות אחד {0},
"Append as communication against this DocType (must have fields: ""Sender"" and ""Subject""). These fields can be defined in the email settings section of the appended doctype.",הוסף כתקשורת נגד DocType זה (חייבים לכלול שדות: &quot;שולח&quot; ו&quot;נושא&quot;). ניתן להגדיר שדות אלה בקטע הגדרות הדוא&quot;ל של ה-doctype המצורף.,
Applicable Document Types,סוגי מסמכים רלוונטיים,
Applicable For,ישים ל,
Application Logo,לוגו יישום,
Application Name,שם אפליקציה,
Application Version,גרסת אפליקציה,
Applied On,הוחל על,
Apply,להגיש מועמדות,
Apply Assignment Rule,החל כלל מטלות,Button in list view actions menu
Apply Document Permissions,החל הרשאות מסמך,
Apply Filters,החל מסננים,
Apply Only Once,הגש בקשה פעם אחת בלבד,
Apply Strict User Permissions,החל הרשאות משתמש קפדניות,
Apply To,החל אל,
Apply To All Document Types,החל על כל סוגי המסמכים,
Apply User Permission On,החל הרשאת משתמש על,
Apply this rule if the User is the Owner,"החל מכלל זה, אם המשתמש הוא בעל",
Apply this rule only once per document,החל כלל זה רק פעם אחת למסמך,
Apply to all Documents Types,החל על כל סוגי המסמכים,
Applying: {0},מגיש בקשה: {0},
Appreciate,מעריך,
Appreciation,הוקרה,
Approval Required,נדרש אישור,
Apps,אפליקציות,
Ar,Ar,Number system
Archive,ארכיון,
Archived,ארכיון,
Archived Columns,עמודות בארכיון,
Are you sure you want to delete all rows?,האם אתה בטוח שברצונך למחוק את כל השורות?,
Are you sure you want to delete page {0}?,האם אתה בטוח שברצונך למחוק את הדף {0}?,
Are you sure you want to delete the attachment?,האם אתה בטוח שאתה רוצה למחוק את הקובץ המצורף?,
Are you sure you want to delete the column? All the fields in the column will be moved to the previous column.,האם אתה בטוח שברצונך למחוק את העמודה? כל השדות בעמודה יועברו לעמודה הקודמת.,Confirmation dialog message
Are you sure you want to delete the section? All the columns along with fields in the section will be moved to the previous section.,האם אתה בטוח שברצונך למחוק את הקטע? כל העמודות יחד עם השדות בקטע יועברו לסעיף הקודם.,Confirmation dialog message
Are you sure you want to delete the tab? All the sections along with fields in the tab will be moved to the previous tab.,האם אתה בטוח שברצונך למחוק את הכרטיסייה? כל הסעיפים יחד עם השדות בכרטיסייה יועברו ללשונית הקודמת.,Confirmation dialog message
Are you sure you want to discard the changes?,האם אתה בטוח שברצונך למחוק את השינויים?,
Are you sure you want to generate a new report?,האם אתה בטוח שברצונך ליצור דוח חדש?,
Are you sure you want to login to Frappe Cloud dashboard?,האם אתה בטוח שברצונך להתחבר ללוח המחוונים של Frappe Cloud?,
Are you sure you want to merge {0} with {1}?,האם אתה בטוח שברצונך למזג את {0} עם {1}?,
Are you sure you want to proceed?,האם אתה בטוח שאתה רוצה להמשיך?,
Are you sure you want to re-enable scheduler?,האם אתה בטוח שברצונך להפעיל מחדש את מתזמן?,
Are you sure you want to relink this communication to {0}?,האם אתה בטוח שברצונך לקשר מחדש את התקשורת הזו אל {0}?,
Are you sure you want to remove all failed jobs?,האם אתה בטוח שברצונך להסיר את כל העבודות שנכשלו?,
Are you sure you want to remove the {0} filter?,האם אתה בטוח שברצונך להסיר את המסנן {0}?,
Are you sure you want to reset all customizations?,האם אתה בטוח שברצונך לאפס את כל ההתאמות האישיות?,
Are you sure you want to save this document?,האם אתה בטוח שברצונך לשמור את המסמך הזה?,
Are you sure you want to send this newsletter now?,האם אתה בטוח שברצונך לשלוח ניוזלטר זה כעת?,
Are you sure?,האם אתה בטוח?,
Arguments,טיעונים,
Arial,Arial,
"As a best practice, do not assign the same set of permission rule to different Roles. Instead, set multiple Roles to the same User.","כשיטת עבודה מומלצת, לא להקצות את אותו הסט של שלטון רשות התפקידים שונים. במקום זאת, להגדיר תפקידים מרובים לאותו המשתמש.",
"As document sharing is disabled, please give them the required permissions before assigning.","מכיוון ששיתוף מסמכים מושבת, אנא תן להם את ההרשאות הנדרשות לפני ההקצאה.",
"As per your request, your account and data on {0} associated with email {1} has been permanently deleted","לפי בקשתך, החשבון והנתונים שלך ב-{0} המשויכים לדוא&quot;ל {1} נמחקו לצמיתות",
Assign Condition,הקצה תנאי,
Assign To,להקצות ל,
Assign To User Group,הקצה לקבוצת משתמשים,
Assign To Users,הקצה למשתמשים,
Assign a user,הקצאת משתמש,
"Assign one by one, in sequence","הקצה אחת אחת, ברצף",
Assign to me,להקצות לי,
Assign to the one who has the least assignments,הקצה למי שיש לו הכי מעט משימות,
Assign to the user set in this field,הקצה למערכת המשתמש בשדה זה,
Assigned,שהוקצה,
Assigned By,שהוקצה על ידי,
Assigned By Full Name,מוקצה בשם מלא,
Assigned To,מוקצה ל,
Assigned To/Owner,מוקצה ל / בעלים,
Assigning...,מקצה...,
Assignment,משימה,
Assignment Completed,הקצאה שהושלמה,
Assignment Days,ימי הקצאה,
Assignment Rule,כלל מטלה,
Assignment Rule Day,יום כלל ההקצאה,
Assignment Rule User,משתמש כלל מטלה,
Assignment Rule is not allowed on document type {0},כלל הקצאה אינו מותר בסוג המסמך {0},
Assignment Rules,כללי הקצאה,
Assignment Update on {0},עדכון הקצאה ב- {0},
Assignment for {0} {1},מטלה עבור {0} {1},
Assignment of {0} removed by {1},הקצאה של {0} הוסרה על ידי {1},
Assignments,משימות,
At least one column is required to show in the grid.,נדרשת לפחות עמודה אחת כדי להופיע ברשת.,
Atleast one field is required in Web Form Fields Table,נדרש שדה אחד לפחות בטבלת שדות טופס אינטרנט,
Atleast one field of Parent Document Type is mandatory,כמעט שדה אחד מסוג מסמכי הורה הוא חובה,
Attach,צרף,
Attach Document Print,צרף הדפסת מסמך,
Attach Image,צרף תמונה,
Attach Package,צרף חבילה,
Attach Print,צרף הדפסה,
Attach a web link,צרף קישור לאינטרנט,
Attach files / urls and add in table.,צרף קבצים / כתובות אתר והוסף בטבלה.,
Attached File,קובץ מצורף,
Attached To DocType,מצורף לDOCTYPE,
Attached To Field,מצורף לשדה,
Attached To Name,מצורף לשם,
Attached To Name must be a string or an integer,מצורף לשם חייב להיות מחרוזת או מספר שלם,
Attachment,קובץ מצורף,
Attachment Limit (MB),מגבלת קבצים מצורפים (MB),
Attachment Limit Reached,הגעת למגבלה של קבצים מצורפים,
Attachment Link,קישור מצורף,
Attachment Removed,הוסר Attachment,
Attachments,קבצים מצורפים,
Attempting Connection to QZ Tray...,מנסה להתחבר למגש QZ ...,
Attempting to launch QZ Tray...,מנסה להפעיל את מגש QZ ...,
Audience,קהל,
Audit System Hooks,ווי מערכת ביקורת,
Audit Trail,שביל ביקורת,
Auth URL Data,נתוני כתובת אתר אימות,
Authenticate as Service Principal,אימות כמנהל שירות,
Authentication,אימות,
Authentication Apps you can use are: ,אפליקציות אימות בהן אתה יכול להשתמש הן:,
Authentication failed while receiving emails from Email Account: {0}.,האימות נכשל בעת קבלת הודעות דוא&quot;ל מחשבון הדוא&quot;ל: {0}.,
Author,מחבר,
Authorization Code,קוד אימות,
Authorization URI,URI הרשאה,
Authorization error for {}.,שגיאת הרשאה עבור {}.,
Authorize API Access,אשר גישת API,
Authorize API Indexing  Access,הרשאת גישה לאינדקס API,
Authorize Google Calendar Access,הרשאת גישה ליומן Google,
Authorize Google Contacts Access,אשר גישה לאנשי קשר של Google,
Authorize Google Drive Access,אשר גישה לגוגל דרייב,
Authorize URL,אשר כתובת אתר,
Authorized,מורשה,
Auto,אוטומטי,
Auto Email Report,דוח דואר אלקטרוני אוטומטי,
Auto Name,שם Auto,
Auto Repeat,חזור אוטומטי,
Auto Repeat Day,יום חזרה אוטומטית,
Auto Repeat Day{0} {1} has been repeated.,יום חזרה אוטומטית{0} {1} חזר על עצמו.,
Auto Repeat Document Creation Failed,יצירת המסמך בחזרה אוטומטית נכשלה,
Auto Repeat Schedule,לוח זמנים לחזרה אוטומטית,
Auto Repeat created for this document,חזור אוטומטי נוצר עבור מסמך זה,
Auto Repeat failed for {0},החזרה האוטומטית נכשלה עבור {0},
Auto Reply,תשובה אוטומטית,
Auto Reply Message,הודעת תשובה אוטומטית,
Auto assignment failed: {0},ההקצאה האוטומטית נכשלה: {0},
Auto follow documents that are assigned to you,עקוב אוטומטית אחר מסמכים שהוקצו לך,
Auto follow documents that are shared with you,עקוב אוטומטית אחר מסמכים המשותפים איתך,
Auto follow documents that you Like,עקוב אוטומטית אחר מסמכים שאתה אוהב,
Auto follow documents that you comment on,עקוב אוטומטית אחר מסמכים שאתה מגיב עליהם,
Auto follow documents that you create,עקוב אוטומטית אחר מסמכים שאתה יוצר,
Autocomplete,השלמה אוטומטית,
Autoincrement,הגדלה אוטומטית,
Automated Message,הודעה אוטומטית,
Automatic,אוטומטי,
Automatic Linking can be activated only for one Email Account.,ניתן להפעיל קישור אוטומטי רק עבור חשבון דוא&quot;ל אחד.,
Automatic Linking can be activated only if Incoming is enabled.,ניתן להפעיל קישור אוטומטי רק אם האפשרות נכנסת מופעלת.,
Automatically Assign Documents to Users,הקצה אוטומטית מסמכים למשתמשים,
Automatically delete account within (hours),מחיקת חשבון אוטומטית תוך (שעות),
Automation,אוטומציה,
Avatar,תמונה,
Average,ממוצע,
Average of {0},ממוצע של {0},
Avoid dates and years that are associated with you.,הימנע לתאריכים שנים המשויכים איתך.,
Avoid recent years.,הימנע בשנים האחרונות.,
Avoid sequences like abc or 6543 as they are easy to guess,הימנע מרצפים כמו abc או 6543 כפי שהם קלים לנחש,
Avoid years that are associated with you.,הימנע שנים המשויכות איתך.,
Awaiting Password,ממתין לסיסמה,
Awaiting password,ממתין לסיסמה,
Awesome Work,עבודה מדהימה,
"Awesome, now try making an entry yourself","מדהים, עכשיו נסה להזין ערך בעצמך",
B,B,Number system
B0,B0,
B1,B1,
B10,B10,
B2,B2,
B3,B3,
B4,B4,
B5,B5,
B6,B6,
B7,B7,
B8,B8,
B9,B9,
BCC,BCC,
Back,בחזרה,
Back to Desk,חזרה לשולחן העבודה,
Back to Home,בחזרה לבית,
Back to Login,חזרה להתחברות,
Background Color,צבע רקע,
Background Image,תמונת רקע,
Background Jobs,עבודות רקע,
Background Jobs Check,בדיקת עבודות רקע,
Background Jobs Queue,תור משרות ברקע,
Background Print (required for >25 documents),הדפסת רקע (נדרש עבור יותר מ-25 מסמכים),
Background Workers,עובדי רקע,
Backing up Data.,גיבוי נתונים.,
Backing up to Google Drive.,מגבה לגוגל דרייב.,
Backup Details,פרטי גיבוי,
Backup Encryption Key,מפתח הצפנה לגיבוי,
Backup Files,קבצי גיבוי,
Backup Folder ID,מזהה תיקיית גיבוי,
Backup Folder Name,שם תיקיית הגיבוי,
Backup Frequency,תדירות הגיבוי,
Backup job is already queued. You will receive an email with the download link,עבודת הגיבוי כבר עומדת בתור. תקבל אימייל עם קישור ההורדה,
Backup public and private files along with the database.,גבה קבצים ציבוריים ופרטיים יחד עם מסד הנתונים.,
Backups,גיבויים,
Backups (MB),גיבויים (MB),
Bad Cron Expression,ביטוי קרון רע,
Banker's Rounding,עיגול בנקאי,
Banker's Rounding (legacy),עיגול בנקאי (מורשת),
Banner,באנר,
Banner HTML,באנר HTML,
Banner Image,תמונת באנר,
Banner is above the Top Menu Bar.,הבאנר הוא מעל לשורת תפריטים העליונה.,
Bar,בר,
Barcode,ברקוד,
Base Distinguished Name (DN),שם מכובד בסיס (DN),
Base URL,כתובת URL בסיסית,
Based On,המבוסס על,
Based on Field,מבוסס על שדה,
Based on Permissions For User,מבוסס על הרשאות למשתמש,
Basic,בסיסי,
Basic Info,מידע בסיסי,
Before,לפני,
Before Cancel,לפני ביטול,
Before Delete,לפני מחיקה,
Before Insert,לפני הכניסה,
Before Print,לפני ההדפסה,
Before Rename,לפני שנה שם,
Before Save,לפני שמור,
Before Save (Submitted Document),לפני שמירה (מסמך שהוגש),
Before Submit,לפני הגשת,
Before Validate,לפני אימות,
Beginner,מתחיל,
Beginning with,החל מ,
Beta,Beta,
Better add a few more letters or another word,עדיף להוסיף עוד כמה מכתבים או כל מילה אחרת,
Between,בין,
Billing,חיוב,
Billing Contact,איש קשר לחיוב,
Binary Logging,רישום בינארי,
Bio,ביו,
Birth Date,תאריך לידה,
Blank Template,תבנית ריקה,
Block Module,הבלוק מודול,
Block Modules,מודולים בלוק,
Blocked,חסום,
Blog,בלוג,
Blog Category,קטגוריה בלוג,
Blog Intro,בלוג Intro,
Blog Introduction,מבוא בלוג,
Blog Post,בלוג הודעה,
Blog Settings,הגדרות בלוג,
Blog Title,כותרת בלוג,
Blogger,Blogger,
Blue,כחול,
Bold,נועז,
Bot,בוט,
Both DocType and Name required,DOCTYPE שני ושם נדרש,
Both login and password required,התחברות שתי והסיסמה הנדרשת,
Bottom,תחתית,
Bottom Center,מרכז תחתון,
Bottom Left,שמאל למטה,
Bottom Right,ימין למטה,
Bounced,קיפץ,
Brand,מותג,
Brand HTML,המותג HTML,
Brand Image,תמונת מותג,
Brand Logo,לוגו מותג,
Breadcrumbs,פירורי לחם,
Browse by category,דפדף לפי קטגוריות,
Browser,דפדפן,
Browser Version,גרסת הדפדפן,
Browser not supported,הדפדפן אינו נתמך,
Brute Force Security,אבטחת כוח הברוט,
Bucket Name,שם דלי,
Bucket {0} not found.,דלי {0} לא נמצא.,
Bufferpool Size,גודל Bufferpool,
Build {0},בניית {0},
Built on {0},נבנה על {0},
Bulk Actions,פעולות בכמות גדולה,
Bulk Delete,מחק בכמות גדולה,
Bulk Edit,עריכה בכמות גדולה,
Bulk Edit {0},עריכה בכמות גדולה {0},
Bulk Operation Failed,פעולה גורפת נכשלה,
Bulk Operation Successful,מבצע גדול הצליח,
Bulk PDF Export,ייצוא PDF בכמות גדולה,
Bulk Update,עדכון גורף,
Bulk approval only support up to 500 documents.,אישור בכמות גדולה תומך רק בעד 500 מסמכים.,
Bulk operation is enqueued in background.,פעולה בכמות גדולה נמצאת בתור ברקע.,
Bulk operations only support up to 500 documents.,פעולות בכמות גדולה תומכות רק בעד 500 מסמכים.,
Bulk {0} is enqueued in background.,כמות גדולה של {0} נמצאת בתור ברקע.,
Button,לחצן,
Button Gradients,מעבר צבעי כפתור,
Button Rounded Corners,פינות מעוגלות כפתור,
Button Shadows,צללים כפתורים,
"By ""Naming Series"" field",לפי השדה &quot;מתן שמות לסדרה&quot;.,
"By default the title is used as meta title, adding a value here will override it.","כברירת מחדל הכותרת משמשת ככותרת מטא, הוספת ערך כאן תעקוף אותה.",
"By default, emails are only sent for failed backups.","כברירת מחדל, מיילים נשלחים רק עבור גיבויים שנכשלו.",
By fieldname,לפי שם השדה,
By script,לפי תסריט,
Bypass Restricted IP Address Check If Two Factor Auth Enabled,עקוף כתובת IP מוגבלת בדוק אם אימות דו-גורמי מופעל,
Bypass Two Factor Auth for users who login from restricted IP Address,עקוף שני גורמי אימות למשתמשים שמתחברים מכתובת IP מוגבלת,
Bypass restricted IP Address check If Two Factor Auth Enabled,עקוף בדיקת כתובת IP מוגבלת אם מופעל אימות של שני גורמים,
C5E,C5E,
CANCELLED,בוטל,
CC,CC,
CMD,CMD,
COLOR PICKER,בוחר צבעים,
CSS,CSS,
CSS Class,כיתת CSS,
CSS selector for the element you want to highlight.,בורר CSS עבור האלמנט שברצונך להדגיש.,
CSV,CSV,
CTA Label,תווית CTA,
CTA URL,כתובת ה- CTA,
Cache,מטמון,
Cache Cleared,מטמון נוקה,
Calculate,לחשב,
Calendar,לוח שנה,
Calendar Name,שם לוח השנה,
Calendar View,תצוגת לוח שנה,
Call,שיחה,
Call To Action,קריאה לפעולה,
Call To Action URL,כתובת אתר של קריאה לפעולה,
Call to Action,קריאה לפעולה,
Callback Message,הודעה להתקשרות חוזרת,
Callback Title,כותרת להתקשרות חוזרת,
Camera,מצלמה,
Campaign,מסע,
Campaign Description (Optional),תיאור מסע פרסום (אופציונלי),
Can Read,יכול לקרוא,
Can Share,יכול לשתף,
Can Submit,יכול להגיש,
Can Write,יכול לכתוב,
Can not rename as column {0} is already present on DocType.,לא ניתן לשנות את השם שכן העמודה {0} כבר קיימת ב-DocType.,
Can only change to/from Autoincrement naming rule when there is no data in the doctype,ניתן לשנות אל/מכלל השמות של Autoincrement רק כאשר אין נתונים ב-doctype,
Can only list down the document types which has been linked to the User document type.,ניתן לפרט רק את סוגי המסמכים שקושרו לסוג מסמך המשתמש.,
Can't rename {0} to {1} because {0} doesn't exist.,לא ניתן לשנות את השם של {0} ל-{1} כי {0} לא קיים.,
Cancel,לבטל,
Cancel All,בטל הכל,
Cancel All Documents,בטל את כל המסמכים,
Cancel Scheduling,בטל תזמון,
Cancel {0} documents?,לבטל {0} מסמכים?,Title of confirmation dialog
Cancelled,בוטל,
Cancelled Document restored as Draft,המסמך שבוטל שוחזר כטיוטה,
Cancelling,ביטול,Freeze message while cancelling a document
Cancelling documents,ביטול מסמכים,
Cancelling {0},מבטל את {0},
Cannot Download Report due to insufficient permissions,לא ניתן להוריד דוח עקב הרשאות לא מספיקות,
Cannot Fetch Values,לא ניתן לשלוף ערכים,
Cannot Remove,לא ניתן להסיר,
Cannot Update After Submit,לא ניתן לעדכן לאחר השליחה,
Cannot access file path {0},אין אפשרות לגשת לנתיב הקובץ {0},
Cannot cancel before submitting while transitioning from <b>{0} State</b> to <b>{1} State</b>,לא ניתן לבטל לפני השליחה בזמן המעבר ממצב <b>{0}</b> למדינה <b>{1}</b>,
Cannot cancel before submitting. See Transition {0},לא יכול לבטל לפני הגשה. ראה מעבר {0},
Cannot cancel {0}.,לא ניתן לבטל את {0}.,
Cannot change docstatus from 0 (Draft) to 2 (Cancelled),לא ניתן לשנות את סטטוס המסמך מ-0 (טיוטה) ל-2 (מבוטל),
Cannot change docstatus from 1 (Submitted) to 0 (Draft),לא ניתן לשנות את סטטוס המסמך מ-1 (נשלח) ל-0 (טיוטה),
Cannot change state of Cancelled Document <b>({0} State)</b>,לא ניתן לשנות את מצב המסמך שבוטל <b>(מצב {0})</b>,
Cannot change state of Cancelled Document. Transition row {0},לא יכול לשנות את המצב של מסמך בוטל. שורת מעבר {0},
Cannot change to/from autoincrement autoname in Customize Form,לא ניתן לשנות אל/מאת השם האוטומטי של הגדלה אוטומטית בטופס התאמה אישית,
Cannot create a {0} against a child document: {1},לא ניתן ליצור {0} נגד מסמך הילד: {1},
Cannot create private workspace of other users,לא ניתן ליצור סביבת עבודה פרטית של משתמשים אחרים,
Cannot delete Home and Attachments folders,לא יכול למחוק את התיקיות וקבצים מצורפים בית,
Cannot delete or cancel because {0} {1} is linked with {2} {3} {4},לא ניתן למחוק או לבטל מכיוון ש- {0} {1} מקושר עם {2} {3} {4},
Cannot delete private workspace of other users,לא ניתן למחוק סביבת עבודה פרטית של משתמשים אחרים,
Cannot delete public workspace without Workspace Manager role,לא ניתן למחוק סביבת עבודה ציבורית ללא תפקיד מנהל סביבת עבודה,
Cannot delete standard action. You can hide it if you want,לא ניתן למחוק פעולה רגילה. אתה יכול להסתיר את זה אם אתה רוצה,
Cannot delete standard document state.,לא ניתן למחוק מצב מסמך סטנדרטי.,
Cannot delete standard field <strong>{0}</strong>. You can hide it instead.,לא ניתן למחוק את השדה הסטנדרטי <strong>{0}</strong> . אתה יכול להסתיר את זה במקום.,
Cannot delete standard field. You can hide it if you want,לא יכול למחוק את השדה סטנדרטי. אתה יכול להסתיר את זה אם אתה רוצה,
Cannot delete standard link. You can hide it if you want,לא ניתן למחוק קישור רגיל. אתה יכול להסתיר את זה אם אתה רוצה,
Cannot delete system generated field <strong>{0}</strong>. You can hide it instead.,לא ניתן למחוק את השדה שנוצר על ידי המערכת <strong>{0}</strong> . אתה יכול להסתיר את זה במקום.,
Cannot delete {0},לא ניתן למחוק את {0},
Cannot delete {0} as it has child nodes,לא יכול למחוק את {0} שכן יש צמתים ילד,
Cannot edit Standard Dashboards,לא ניתן לערוך לוחות מחוונים סטנדרטיים,
"Cannot edit Standard Notification. To edit, please disable this and duplicate it","לא ניתן לערוך הודעה רגילה. כדי לערוך, השבת את זה ושכפל אותו",
Cannot edit Standard charts,לא ניתן לערוך תרשימים סטנדרטיים,
Cannot edit a standard report. Please duplicate and create a new report,אין אפשרות לערוך דוח רגיל. אנא לשכפל וליצור דו&quot;ח חדש,
Cannot edit cancelled document,לא ניתן לערוך מסמך בוטל,
Cannot edit filters for standard charts,לא ניתן לערוך מסננים עבור תרשימים סטנדרטיים,
Cannot edit filters for standard number cards,לא ניתן לערוך מסננים עבור כרטיסי מספר סטנדרטיים,
Cannot edit standard fields,לא ניתן לערוך שדות סטנדרטיים,
Cannot enable {0} for a non-submittable doctype,לא ניתן להפעיל את {0} עבור סוג מסמך שאינו ניתן להגשה,
Cannot find file {} on disk,לא ניתן למצוא את הקובץ {} בדיסק,
Cannot get file contents of a Folder,לא ניתן לקבל תוכן קובץ של תיקיה,
Cannot have multiple printers mapped to a single print format.,לא ניתן למפות מספר מדפסות לפורמט הדפסה יחיד.,
Cannot link cancelled document: {0},אינך יכול לקשר מסמך בוטל: {0},
Cannot map because following condition fails:,לא ניתן למפות כי המצב הבא נכשל:,
Cannot match column {0} with any field,לא ניתן להתאים עמודה {0} לשדה כלשהו,
Cannot move row,לא ניתן להזיז שורה,
Cannot open instance when its {0} is open,לא יכול לפתוח למשל כאשר {0} הוא פתוח,
Cannot open {0} when its instance is open,לא יכול לפתוח {0} כאשר למשל פתוח,
Cannot remove ID field,לא ניתן להסיר שדה מזהה,
Cannot set 'Report' permission if 'Only If Creator' permission is set,לא ניתן להגדיר הרשאת &#39;דווח&#39; אם הרשאת &#39;רק אם יוצר&#39; מוגדרת,
Cannot set Notification with event {0} on Document Type {1},לא ניתן להגדיר הודעה עם אירוע {0} בסוג המסמך {1},
Cannot share {0} with submit permission as the doctype {1} is not submittable,לא ניתן לשתף את {0} עם הרשאת הגשה מכיוון שלא ניתן להגיש את ה-doctype {1},
Cannot submit {0}.,לא ניתן לשלוח את {0}.,
Cannot update private workspace of other users,לא ניתן לעדכן סביבת עבודה פרטית של משתמשים אחרים,
Cannot update {0},לא ניתן לעדכן את {0},
Cannot use sub-query in order by,לא ניתן להשתמש בשאילתת משנה לפי סדר,
Cannot use {0} in order/group by,לא ניתן להשתמש ב-{0} לפי סדר/קיבוץ לפי,
Cannot {0} {1}.,לא ניתן {0} {1}.,
Capitalization doesn't help very much.,היוון לא עוזר מאוד.,
Capture,ללכוד,
Card,כרטיס,
Card Break,הפסקת קלפים,
Card Label,תווית כרטיסים,
Card Links,קישורי כרטיסים,
Cards,קלפים,
Category,קטגוריה,
Category Description,תיאור קטגוריה,
Category Name,שם קטגוריה,
Cent,סנט,
Center,מרכז,
"Certain documents, like an Invoice, should not be changed once final. The final state for such documents is called Submitted. You can restrict which roles can Submit.","סוגים מסוימים של מסמכים, כמו חשבונית, לא צריכים להיות שונה ברגע אחרון. המצב הסופי עבור מסמכים כזה נקרא הוגש. אתה יכול להגביל את התפקידים יכולים להגיש.",
Chain Integrity,שלמות שרשרת,
Chaining Hash,שרשרת האש,
Change,שינוי,
Change Image,שנה תמונה,
Change Label (via Custom Translation),שנה תווית (באמצעות תרגום מותאם אישית),
Change Letter Head,שנה ראש אותיות,
Change Password,שנה סיסמא,
Change Print Format,שנה פורמט הדפסה,
Change User,החלף משתמש,
Changelog Feed,עדכון יומן שינויים,
Changing any setting will reflect on all the email accounts associated with this domain.,שינוי כל הגדרה ישקף את כל חשבונות הדוא&quot;ל המשויכים לדומיין זה.,
Changing rounding method on site with data can result in unexpected behaviour.,שינוי שיטת העיגול באתר עם נתונים יכול לגרום להתנהגות בלתי צפויה.,
Channel,ערוץ,
Chart,תרשים,
Chart Configuration,תצורת תרשים,
Chart Name,שם תרשים,
Chart Options,אפשרויות תרשים,
Chart Source,מקור תרשים,
Chart Type,סוג תרשים,
Charts,תרשימים,
Chat,צ'אט,
Check,חשבון,
Check Request URL,בדוק כתובת אתר בקשה,
Check broken links,בדוק קישורים שבורים,
"Check columns to select, drag to set order.","בדקו עמודות כדי לבחור, לגרור להגדיר סדר.",
Check the Error Log for more information: {0},עיין ביומן השגיאות למידע נוסף: {0},
Check this if you don't want users to sign up for an account on your site. Users won't get desk access unless you explicitly provide it.,בדוק זאת אם אינך רוצה שמשתמשים יירשמו לחשבון באתר שלך. משתמשים לא יקבלו גישה לשולחן העבודה אלא אם כן תספק זאת במפורש.,
Check this if you want to force the user to select a series before saving. There will be no default if you check this.,לבדוק את זה אם אתה רוצה להכריח את המשתמש לבחור סדרה לפני השמירה. לא יהיה ברירת מחדל אם תבדקו את זה.,
Checking broken links...,בודק קישורים שבורים...,
Checking one moment,בודק רגע אחד,
"Checking this will enable tracking page views for blogs, web pages, etc.","סימון זה יאפשר מעקב אחר צפיות בדפים עבור בלוגים, דפי אינטרנט וכו &#39;.",
Checking this will hide custom doctypes and reports cards in Links section,סימון זה יסתיר סוגי טיפוסים ודפי כרטיסים מותאמים אישית במקטע קישורים,
Checking this will publish the page on your website and it'll be visible to everyone.,סימון זה יפרסם את הדף באתר שלך והוא יהיה גלוי לכולם.,
Checking this will show a text area where you can write custom javascript that will run on this page.,סימון זה יראה אזור טקסט בו תוכלו לכתוב סקריפט ג&#39;אווה מותאם אישית שיפעל בדף זה.,
Checksum Version,גרסת סכום בדיקה,
Child DocTypes are not allowed,אין להשתמש ב-Child DocTyps,
Child Doctype,DocType ילד,
Child Table {0} for field {1},טבלה צאצאית {0} עבור שדה {1},
Child Tables are shown as a Grid in other DocTypes,שולחנות לילדים מוצגים כריש בסוגים אחרים של DocTypes,
Choose Existing Card or create New Card,בחר כרטיס קיים או צור כרטיס חדש,
Choose a block or continue typing,בחר בלוק או המשך להקליד,
Choose a color,בחר צבע,
Choose an icon,בחר סמל,
Choose authentication method to be used by all users,בחר שיטת אימות לשימוש כל המשתמשים,
City,עיר,
City/Town,עיר / יישוב,
Clear,ברור,
Clear & Add Template,נקה והוסף תבנית,
Clear & Add template,נקה והוסף תבנית,
Clear Assignment,נקה משימה,Button in list view actions menu
Clear Cache and Reload,נקה מטמון וטען מחדש,
Clear Error Logs,נקה יומני שגיאות,
Clear Filters,נקה מסננים,
Clear Link,נקה קישור,
Clear Logs After (days),נקה יומנים לאחר (ימים),
Clear User Permissions,נקה הרשאות משתמש,
Clear all filters,נקה את כל המסננים,
Clear the email message and add the template,נקה את הודעת האימייל והוסף את התבנית,
"Clearing end date, as it cannot be in the past for published pages.","ניקוי תאריך הסיום, מכיוון שהוא לא יכול היה להיות בעבר לדפים שפורסמו.",
Click On Customize to add your first widget,לחץ על התאמה אישית כדי להוסיף את היישומון הראשון שלך,
Click here,לחץ כאן,
Click here to login,לחץ כאן כדי להיכנס,
Click here to post bugs and suggestions,לחץ כאן לפרסום באגים והצעות,
Click here to verify,לחץ כאן כדי לאמת,
Click on <b>Authorize Google Drive Access</b> to authorize Google Drive Access.,לחץ על <b>הרשאת גישה</b> ל- Google Drive כדי לאשר <b>גישה</b> ל- Google Drive.,
Click on a file to select it.,לחץ על קובץ כדי לבחור אותו.,
Click on the button to log in to {0},לחץ על הלחצן כדי להיכנס אל {0},
Click on the link below to approve the request,לחץ על הקישור למטה כדי לאשר את הבקשה,
Click on the link below to complete your registration and set a new password,לחץ על הקישור הבא כדי להשלים את הרישום שלך ולהגדיר סיסמא חדשה,
Click on the link below to download your data,לחץ על הקישור למטה כדי להוריד את הנתונים שלך,
Click on the link below to verify your request,לחץ על הקישור למטה כדי לאמת את בקשתך,
Click on the lock icon to toggle public/private,לחץ על סמל הנעילה כדי להחליף בין ציבורי / פרטי,
Click on {0} to generate Refresh Token.,לחץ על {0} כדי ליצור אסימון רענון.,
Click table to edit,לחץ על טבלה לעריכה,
Click to Set Dynamic Filters,לחץ כדי להגדיר מסננים דינמיים,
Click to Set Filters,לחץ כדי להגדיר מסננים,
Click to sort by {0},לחץ כדי למיין לפי {0},
Clicked,לחץ,
Client,הלקוח,
Client Code,קוד לקוח,
Client Credentials,אישורי לקוח,
Client ID,זיהוי לקוח,
Client Id,זיהוי לקוח,
Client Information,מידע על לקוחות,
Client Script,סקריפט לקוח,
Client Secret,סוד הלקוח,
Client URLs,כתובות אתרים של לקוח,
Client script,תסריט לקוח,
Close,לסגור,
Close Condition,מצב סגור,
Close properties,סגור נכסים,
Closed,סגור,
Cmd+Enter to add comment,Cmd+Enter כדי להוסיף תגובה,
Code,קוד,
Code Challenge,אתגר הקוד,
Code challenge method,שיטת אתגר קוד,
Collapse,התמוטטות,
Collapse All,למוטט הכל,
Collapsible,מתקפל,
Collapsible Depends On,מתקפל תלויה ב,
Collapsible Depends On (JS),מתקפל תלוי ב (JS),
Color,צבע,
Column,טור,
Column <b>{0}</b> already exist.,העמודה <b>{0}</b> כבר קיימת.,
Column Break,Break עמודה,
Column Labels:,תוויות עמודה:,
Column Name,שם עמודה,
Column Name cannot be empty,שם העמודה לא יכול להיות ריק,
Column Width,רוחב עמודה,
Column width cannot be zero.,רוחב העמודה אינו יכול להיות אפס.,
Column {0},עמודה {0},
Columns,עמודות,
Columns / Fields,עמודות / שדות,
Columns based on,עמודות מבוססות על,
Combination of Grant Type (<code>{0}</code>) and Response Type (<code>{1}</code>) not allowed,שילוב של סוג מענק ( <code>{0}</code> ) וסוג תגובה ( <code>{1}</code> ) אינו מורשה,
Comm10E,Comm10E,
Comment,תגובה,
Comment By,תגובה על ידי,
Comment Email,תגובה דוא&quot;ל,
Comment Type,סוג התגובה,
Comment can only be edited by the owner,התגובה יכולה להיות ערוכה רק על ידי הבעלים,
Comment limit,מגבלת הערות,
Comment limit per hour,מגבלת הערות לשעה,
Comments,תגובות,
Comments and Communications will be associated with this linked document,תגובות ותקשורת תשויכנה מסמך מקושר זה,
Comments cannot have links or email addresses,לתגובות לא יכולים להיות קישורים או כתובות דוא&quot;ל,
Commercial Rounding,עיגול מסחרי,
Commit,לבצע,
Committed,מחויב,
Common names and surnames are easy to guess.,שמות ושמות משפחה נפוצים הם קל לנחש.,
Communication,תקשורת,
Communication Link,קישור תקשורת,
Communication Type,סוג התקשורת,
Communication secret not set,סוד התקשורת לא מוגדר,
Company,חברה,
Company History,ההיסטוריה של חברה,
Company Introduction,חברת מבוא,
Company Name,שם חברה,
Compare Versions,השווה גרסאות,
Compilation warning,אזהרת קומפילציה,
Compiled Successfully,נערך בהצלחה,
Complete,להשלים,
Complete By,שלם על ידי,
Complete Registration,רישום מלא,
Complete Setup,התקנה מלאה,Finish the setup wizard
Completed,הושלם,
Completed By Role,הושלם לפי תפקיד,
Completed By User,הושלם על ידי משתמש,
Component,רכיב,
Compose Email,כתוב מייל אלקטרוני,
Condition,מצב,
Condition JSON,מצב JSON,
Condition description,תיאור מצב,
Conditions,תנאים,
Configuration,תצורה,
Configure Chart,הגדר את התרשים,
Configure Columns,הגדר עמודות,
Configure Recorder,הגדר את מקליט,
Configure columns for {0},הגדר עמודות עבור {0},
"Configure various aspects of how document naming works like naming series, current counter.","הגדר היבטים שונים של אופן הפעולה של מתן שמות למסמכים כמו מתן שמות לסדרות, מונה נוכחי.",
Confirm,אשר,
Confirm Access,אשר גישה,
Confirm Deletion of Account,אשר את מחיקת החשבון,
Confirm New Password,תאשר סיסמא חדשה,
Confirm Password,אשר את הסיסמה,
Confirm Request,אשר את הבקשה,
Confirm Your Email,אשר הדואר האלקטרוני שלך,
Confirmation Email Template,תבנית אימייל לאישור,
Confirmed,אישר,
"Congratulations on completing the module setup. If you want to learn more you can refer to the documentation <a target=""_blank"" href=""{0}"">here</a>.","ברכות על השלמת הגדרת המודול. אם אתה רוצה ללמוד עוד אתה יכול לעיין בתיעוד <a target=""_blank"" href=""{0}"">כאן</a> .",
Connect to {},התחבר אל {},
Connected App,אפליקציה מחוברת,
Connected User,משתמש מחובר,
Connected to QZ Tray!,מחובר למגש QZ!,
Connection Lost,החיבור אבד,
Connection Success,הצלחה בחיבור,
Connection lost. Some features might not work.,החיבור אבד. ייתכן שתכונות מסוימות לא יפעלו.,
Connections,חיבורים,
Console,לנחם,
Console Log,יומן קונסולות,
Console Logs can not be deleted,לא ניתן למחוק יומני מסוף,
Constraints,אילוצים,
Contact,צור קשר עם,
Contact Details,פרטי,
Contact Email,"דוא""ל ליצירת קשר",
Contact Numbers,מספרים ליצירת קשר,
Contact Phone,צור קשר עם טלפון,
Contact Synced with Google Contacts.,איש קשר מסונכרן עם אנשי קשר של Google.,
Contact Us,צור קשר,
Contact Us Settings,צור קשר הגדרות,
"Contact options, like ""Sales Query, Support Query"" etc each on a new line or separated by commas.","אפשרויות לתקשר, כמו ""שאילתת מכירות, תמיכת שאילתה"" וכו 'כל בשורה חדשה או מופרד בפסיקים.",
Contacts,מגעים,
Contains {0} security fix,מכיל {0} תיקון אבטחה,
Contains {0} security fixes,מכיל {0} תיקוני אבטחה,
Content,תוכן,
Content (HTML),תוכן (HTML),
Content (Markdown),תוכן (Markdown),
Content Hash,Hash תוכן,
Content Type,סוג תוכן,
Content data shoud be a list,נתוני תוכן צריכים להיות רשימה,
Content type for building the page,סוג תוכן לבניית הדף,
Context,הקשר,
Context Script,סקריפט הקשר,
Continue,המשך,
Contributed,תרם,
Contribution Document Name,שם מסמך התרומה,
Contribution Status,סטטוס תרומה,
"Controls whether new users can sign up using this Social Login Key. If unset, Website Settings is respected.","שולט אם משתמשים חדשים יכולים להירשם באמצעות מפתח התחברות חברתי זה. אם לא מוגדר, הגדרות האתר יכבדו.",
Copied to clipboard.,הועתק ללוח.,
Copy Embed Code,העתק את קוד הטבעה,
Copy Link,העתק קישור,
Copy error to clipboard,העתק שגיאה ללוח,
Copy to Clipboard,העתק ללוח,
Copyright,כל הזכויות שמורות,
Core,Core,
Core DocTypes cannot be customized.,לא ניתן להתאים אישית את סוגי DocTypes.,
Core Modules {0} cannot be searched in Global Search.,לא ניתן לחפש במודולי ליבה {0} בחיפוש גלובלי.,
Correct version :,גרסה נכונה:,
Could not connect to outgoing email server,"לא ניתן להתחבר לשרת הדוא""ל יוצא",
Could not find {0},לא הצלחתי למצוא את {0},
Could not map column {0} to field {1},לא ניתן היה למפות את העמודה {0} לשדה {1},
"Couldn't save, please check the data you have entered","לא ניתן היה לשמור, אנא בדוק את הנתונים שהזנת",
Count,לספור,
Count Customizations,ספירת התאמות אישיות,
Count Filter,ספירת מסנן,
Counter,דלפק,
Country,מדינה,
Country Code Required,קוד מדינה נדרש,
Country Name,מדינה שם,
County,מחוז,
Cr,Cr,Number system
Create,צור,
Create & Continue,צור והמשך,
Create Card,צור כרטיס,
Create Chart,צור תרשים,
Create Contacts from Incoming Emails,צור אנשי קשר מדוא&quot;ל נכנס,
Create Duplicate,צור שכפול,
Create Entry,צור כניסה,
Create Letter Head,צור ראש אותיות,
Create Log,צור יומן,
Create New,צור חדש,
Create New DocType,צור DocType חדש,
Create New Kanban Board,צור לוח Kanban חדש,
Create User Email,צור דוא&quot;ל משתמש,
Create a New Format,צור פורמט חדש,
Create a Reminder,צור תזכורת,
Create a new ...,צור חדש...,
Create a new record,צור רשומה חדשה,
Create a new {0},צור חדש {0},
Create a {0} Account,צור חשבון {0},
Create and send emails to a specific group of subscribers periodically.,צור ושלח מיילים לקבוצה מסוימת של מנויים מעת לעת.,
Create or Edit Print Format,צור או ערוך פורמט הדפסה,
Create or Edit Workflow,צור או ערוך זרימת עבודה,
Create your first {0},צור את {0} הראשון שלך,
Create your workflow visually using the Workflow Builder.,צור את זרימת העבודה שלך באופן ויזואלי באמצעות בונה זרימת העבודה.,
Created,נוצר,
Created At,נוצר ב-,
Created By,נוצר על-ידי,
Created Custom Field {0} in {1},שדה מותאם אישית שנוצר {0} ב {1},
Created On,נוצר ב,
Creating {0},יוצר {0},
Criticism,ביקורת,
Criticize,לבקר,
Cron,קרון,
Cron Format,פורמט Cron,
Cron format is required for job types with Cron frequency.,פורמט Cron נדרש עבור סוגי עבודות עם תדירות Cron.,
Crop,יבול,
Ctrl + Down,Ctrl + Down,
Ctrl + Up,Ctrl + Up,
Ctrl+Enter to add comment,Ctrl + Enter כדי להוסיף תגובה,
Currency,מטבע,
Currency Name,שם מטבע,
Currency Precision,דיוק מטבע,
"Currency list stores the currency value, its symbol and fraction unit","רשימת מטבעות מאחסנת את ערך המטבע, הסמל ויחידת השבר שלו",
Current,נוכחי,
Current Job ID,מזהה משרה נוכחית,
Current Value,ערך נוכחי,
Current status,מצב נוכחי,
Currently Viewing,כיום צופה ב,
Currently you have {0} review points,נכון לעכשיו יש לך {0} נקודות ביקורת,
Custom,מותאם אישית,
Custom Base URL,כתובת בסיסית מותאמת אישית,
Custom Block Name,שם בלוק מותאם אישית,
Custom Blocks,בלוקים מותאמים אישית,
Custom CSS,CSS המותאם אישית,
Custom Configuration,תצורה מותאמת אישית,
Custom DocPerm,DocPerm מותאם אישית,
Custom Document Types (Select Permission),סוגי מסמכים מותאמים אישית (בחר הרשאה),
Custom Document Types Limit Exceeded,חריגה ממגבלת סוגי המסמכים המותאמים אישית,
Custom Documents,מסמכים מותאמים אישית,
Custom Field,שדה מותאם אישית,
Custom Field {0} is created by the Administrator and can only be deleted through the Administrator account.,שדה מותאם אישית {0} נוצר על ידי מנהל המערכת וניתן למחוק אותו רק דרך חשבון מנהל המערכת.,
Custom Fields can only be added to a standard DocType.,ניתן להוסיף שדות מותאמים אישית רק ל- DocType רגיל.,
Custom Fields cannot be added to core DocTypes.,לא ניתן להוסיף שדות מותאמים אישית ל- DocTypes הליבה.,
Custom Footer,כותרת תחתונה מותאמת אישית,
Custom Format,פורמט מותאם אישית,
Custom Group Search,חיפוש קבוצתי מותאם אישית,
"Custom Group Search if filled needs to contain the user placeholder {0}, eg uid={0},ou=users,dc=example,dc=com","חיפוש קבוצתי מותאם אישית אם הוא מלא צריך להכיל את מציין המיקום של המשתמש {0}, למשל uid={0},ou=users,dc=example,dc=com",
Custom HTML,המותאם אישית HTML,
Custom HTML Block,בלוק HTML מותאם אישית,
Custom HTML Help,מותאם אישית HTML עזרה,
"Custom LDAP Directoy Selected, please ensure 'LDAP Group Member attribute' and 'Group Object Class' are entered","מדריך LDAP מותאם אישית נבחר, אנא ודא שהזנת &#39;תכונת חבר קבוצת LDAP&#39; ו&#39;מחלקת אובייקט קבוצתי&#39;",
Custom Label,תווית מותאמת אישית,
Custom Menu Items,פריטי תפריט מותאם אישית,
Custom Options,אפשרויות מותאמות אישית,
Custom Overrides,עקיפות מותאמות אישית,
Custom Report,דוח מותאם אישית,
Custom Reports,דוחות מותאמים אישית,
Custom Role,תפקיד מותאם אישית,
Custom SCSS,SCSS מותאם אישית,
Custom Sidebar Menu,תפריט סרגל צדדי מותאם אישית,
Custom field renamed to {0} successfully.,שם השדה המותאם אישית שונה ל-{0} בהצלחה.,
Custom?,מותאם אישית?,
Customization,התאמה אישית,
Customizations Discarded,התאמות אישיות נמחקו,
Customizations Reset,התאמות איפוס,
Customizations for <b>{0}</b> exported to:<br>{1},התאמות אישיות עבור <b>{0}</b> המיוצא אל:<br> {1},
Customize,התאמה אישית של,
Customize Child Table,התאמה אישית של שולחן ילדים,
Customize Dashboard,התאמה אישית של לוח המחוונים,
Customize Form,התאמה אישית של טופס,
Customize Form - {0},התאמה אישית של טופס - {0},
Customize Form Field,התאמה אישית של טופס מולא,
Cut,גזירה,
Cyan,ציאן,
DELETE,למחוק,
DESC,DESC,
DLE,DLE,
DRAFT,טיוטה,
Daily,יומי,
Daily Event Digest is sent for Calendar Events where reminders are set.,מדי יום האירוע Digest נשלח לאירועי לוח שנה שבו תזכורות מוגדרות.,
Daily Events should finish on the Same Day.,האירועים היומיים אמורים להסתיים באותו יום.,
Daily Long,דיילי לונג,
Danger,סכנה,
Dark,כהה,
Dark Color,צבע כהה,
Dark Theme,נושא אפל,
Dashboard,לוח מחוונים,
Dashboard Chart,תרשים לוח המחוונים,
Dashboard Chart Field,שדה תרשים לוח המחוונים,
Dashboard Chart Link,קישור תרשים לוח המחוונים,
Dashboard Chart Source,מקור תרשים לוח המחוונים,
Dashboard Manager,מנהל לוח המחוונים,
Dashboard Name,שם לוח המחוונים,
Dashboard Settings,הגדרות לוח המחוונים,
Dashboard View,תצוגת לוח המחוונים,
Dashboards,לוחות מחוונים,
Data,הנתונים,
Data Clipped,נתונים קוצצים,
Data Export,ייצוא נתונים,
Data Import,ייבוא נתונים,
Data Import Log,יומן ייבוא נתונים,
Data Import Template,נתוני יבוא תבנית,
Data Too Long,נתונים ארוכים מדי,
Data missing in table,הנתונים חסרים בטבלה,
Database,מסד נתונים,
Database Engine,מנוע מסד נתונים,
Database Processes,תהליכי מסד נתונים,
Database Row Size Utilization,ניצול גודל שורה של מסד נתונים,
Database Storage Usage By Tables,שימוש באחסון מסד נתונים לפי טבלאות,
Database Table Row Size Limit,מגבלת גודל שורה של טבלת מסד נתונים,
"Database Table Row Size Utilization: {0}%, this limits number of fields you can add.","שימוש בגודל שורה של טבלת מסד נתונים: {0}%, זה מגביל את מספר השדות שאתה יכול להוסיף.",
Database Version,גרסת מסד הנתונים,
Date,תאריך,
Date Format,פורמט תאריך,
Date Range,טווח תאריכים,
Date and Number Format,פורמט תאריך והמספר,
Date {0} must be in format: {1},התאריך {0} חייב להיות בפורמט: {1},
Dates are often easy to guess.,תאריכים הם לעתים קרובות קל לנחש.,
Datetime,Datetime,
Day,יום,
Day of Week,יום בשבוע,
Days After,ימים לאחר,
Days Before,ימים לפני,
Days Before or After,ימים לפני או אחרי,
Deadlock Occurred,מבוי סתום התרחש,
Dear,יקר,
"Dear System Manager,","מנהל מערכת יקר,",
"Dear User,","משתמש יקר,",
Dear {0},יקר {0},
Debug Log,יומן ניפוי באגים,
Default,ברירת מחדל,
Default Address Template cannot be deleted,תבנית כתובת ברירת מחדל לא ניתן למחוק,
Default Amendment Naming,שמות ברירת המחדל לתיקון,
Default App,אפליקציית ברירת מחדל,
Default Email Template,תבנית ברירת מחדל לדוא&quot;ל,
Default Inbox,תיבת הדואר הנכנס המוגדר כברירת מחדל,
Default Incoming,ברירת מחדל נכנסים,
Default Letter Head,ברירת מחדל מכתב ראש,
Default Naming,מתן שמות ברירת מחדל,
Default Outgoing,יוצא ברירת מחדל,
Default Portal Home,דף הבית של ברירת המחדל של הפורטל,
Default Print Format,פורמט ברירת מחדל להדפסה,
Default Print Language,שפת הדפסה המוגדרת כברירת מחדל,
Default Redirect URI,ברירת מחדל של URI להפניה מחדש,
Default Role at Time of Signup,תפקיד ברירת מחדל בזמן ההרשמה,
Default Sending,ברירת מחדל שליחה,
Default Sending and Inbox,ברירת מחדל שליחה ותיבת הדואר הנכנס,
Default Sort Field,שדה מיון המוגדר כברירת מחדל,
Default Sort Order,סדר מיון ברירת מחדל,
Default Template For Field,תבנית ברירת מחדל לשדה,
Default Theme,נושא ברירת מחדל,
Default User Role,תפקיד משתמש ברירת מחדל,
Default User Type,סוג משתמש ברירת מחדל,
Default Value,ערך ברירת מחדל,
Default View,תצוגת ברירת מחדל,
Default Workspace,סביבת עבודה ברירת מחדל,
Default display currency,מטבע ברירת המחדל לתצוגה,
Default for 'Check' type of field {0} must be either '0' or '1',ברירת המחדל עבור סוג השדה &#39;בדוק&#39; חייב להיות &#39;0&#39; או &#39;1&#39;,
Default value for {0} must be in the list of options.,ערך ברירת המחדל של {0} חייב להיות ברשימת האפשרויות.,
Default {0},ברירת מחדל {0},
"Default: ""Contact Us""","ברירת מחדל: ""צור קשר""",
DefaultValue,ערך ברירת מחדל,
Defaults,ברירות מחדל,
Defaults Updated,ברירות המחדל עודכנו,
Defines actions on states and the next step and allowed roles.,מגדיר פעולות במדינות ואת הצעד הבא ותפקידים מותר.,
Defines workflow states and rules for a document.,מגדיר מדינות זרימת עבודה וכללים למסמך.,
Delayed,מושהה,
Delete,מחק,
Delete Account,מחק חשבון,
Delete All,מחק הכל,
Delete Column,מחק עמודה,Title of confirmation dialog
Delete Data,מחק נתונים,
Delete Kanban Board,מחק את לוח Kanban,
Delete Section,מחק סעיף,Title of confirmation dialog
Delete Tab,מחק כרטיסייה,Title of confirmation dialog
Delete Workspace,מחק סביבת עבודה,
Delete and Generate New,מחק וצור חדש,
Delete column,מחק עמודה,Button text
Delete comment?,למחוק את התגובה?,
Delete entire column with fields,מחק את כל העמודה עם שדות,Button text
Delete entire section with fields,מחק את כל הקטע עם שדות,Button text
Delete entire tab with fields,מחק את כל הכרטיסייה עם שדות,Button text
Delete section,מחק קטע,Button text
Delete tab,מחק כרטיסייה,Button text
Delete this record to allow sending to this email address,למחוק רשומה זו כדי לאפשר שליחה לכתובת דוא&quot;ל זו,
Delete {0} item permanently?,למחוק פריט {0} לצמיתות?,Title of confirmation dialog
Delete {0} items permanently?,למחוק {0} פריטים לצמיתות?,Title of confirmation dialog
Deleted,נמחק,
Deleted DocType,נמחק DocType,
Deleted Document,המסמך שנמחק,
Deleted Name,השם שנמחק,
Deleted all documents successfully,כל המסמכים נמחקו בהצלחה,
Deleting {0},מוחק את {0},
Deleting {0} records...,מוחק {0} רשומות...,
Deleting {0}...,מוחק את {0}...,
Delimiter must be a single character,המפריד חייב להיות תו בודד,
Delivery Status,סטטוס משלוח,
Deny,להכחיש,
Department,מחלקה,
Dependencies,תלות,
Depends On,תלוי ב,
Descendants Of,בן של,
Descendants Of (inclusive),כולל בנים של,
Description,תיאור,
"Description for listing page, in plain text, only a couple of lines. (max 200 characters)","תיאור לדף הרישום, בטקסט רגיל, רק כמה שורות. (מקסימום 200 תווים)",
Description to inform the user about any action that is going to be performed,תיאור ליידע את המשתמש על כל פעולה שעומדת להתבצע,
Designation,ייעוד,
Desk,שולחן,
Desk Access,גישה לשולחן העבודה,
Desk Settings,הגדרות שולחן עבודה,
Desk Theme,ערכת נושא לשולחן העבודה,
Desk User,משתמש שולחני,
Desktop Icon,סמל שולחן עבודה,
Desktop Icon already exists,אייקון שולחן העבודה כבר קיים,
Details,פרטים,
Did not add,לא להוסיף,
Did not remove,לא הסרתי,
Diff,הבדל,
"Different ""States"" this document can exist in. Like ""Open"", ""Pending Approval"" etc.","""הברית"" שונה מסמך זה יכול להתקיים ב. כמו ""פתח"", ""ממתין לאישור"" וכו '",
Digits,ספרות,
Directory Server,שרת ספריות,
Disable Auto Refresh,השבת רענון אוטומטי,
Disable Change Log Notification,השבת את הודעת יומן השינויים,
Disable Comment Count,השבת את ספירת התגובות,
Disable Comments,השבת תגובות,
Disable Count,השבת ספירה,
Disable Document Sharing,השבת את שיתוף המסמכים,
Disable Likes,השבת לייקים,
Disable Report,השבת דווח,
Disable SMTP server authentication,השבת אימות שרת SMTP,
Disable Sidebar Stats,השבת סטטיסטיקות בסרגל הצידי,
Disable Signup for your site,השבת הרשמה לאתר שלך,
Disable Standard Email Footer,להשבית תחתונה דוא&quot;ל רגיל,
Disable System Update Notification,השבת את הודעת עדכון המערכת,
Disable Username/Password Login,השבת את התחברות בשם משתמש/סיסמה,
Disable signups,השבת הרשמות,
Disabled,נכים,
Disabled Auto Reply,תשובה אוטומטית מושבתת,
Discard,ביטול,
Discard?,לבטל?,
Disclaimer: These indexes are suggested based on data and queries performed during this recording. These suggestions may or may not help.,כתב ויתור: אינדקסים אלו מוצעים על סמך נתונים ושאילתות שבוצעו במהלך ההקלטה. הצעות אלו עשויות לעזור או לא.,
Discussion Reply,תגובה לדיון,
Discussion Topic,נושא הדיון,
Dismiss,לשחרר,Stop showing the onboarding widget.
Display,תצוגה,
Display Depends On,התצוגה תלויה,
Display Depends On (JS),Display Depends On (JS),
Divider,מחלק,
Do not create new user if user with email does not exist in the system,אל תיצור משתמש חדש אם משתמש עם אימייל אינו קיים במערכת,
Do not edit headers which are preset in the template,אל תערוך כותרות שהוגדרו מראש בתבנית,
Do not have permission to access bucket {0}.,אין לך הרשאה לגשת לדלי {0}.,
Do you still want to proceed?,האם אתה עדיין רוצה להמשיך?,
Do you want to cancel all linked documents?,האם ברצונך לבטל את כל המסמכים המקושרים?,
Doc Event,אירוע דוק,
Doc Events,אירועי דוק,
Doc Status,סטטוס דוק,
DocField,DocField,
DocPerm,DocPerm,
DocShare,DocShare,
DocType,DocType,
DocType <b>{0}</b> provided for the field <b>{1}</b> must have atleast one Link field,DocType <b>{0}</b> המסופק לשדה <b>{1}</b> חייב לכלול לפחות שדה קישור אחד,
DocType Action,פעולה DocType,
DocType Event,אירוע DocType,
DocType Layout,פריסת DocType,
DocType Layout Field,שדה פריסת DocType,
DocType Link,קישור DocType,
DocType State,מדינת DocType,
DocType View,תצוגת DocType,
DocType can not be merged,לא ניתן למזג DOCTYPE,
DocType can only be renamed by Administrator,ניתן לשנות את שם DOCTYPE רק על ידי מנהל,
DocType is a Table / Form in the application.,DOCTYPE הוא טבלה / טופס ביישום.,
DocType must be Submittable for the selected Doc Event,DocType חייב להיות מוגש עבור אירוע Doc שנבחר,
DocType must be a string,DocType חייב להיות מחרוזת,
DocType must have atleast one field,ל-DocType חייב להיות שדה אחד לפחות,
DocType not supported by Log Settings.,DocType אינו נתמך על ידי הגדרות יומן.,
DocType on which this Workflow is applicable.,DOCTYPE שבו זרימת עבודה זו היא ישימה.,
DocType required,נדרש DocType,
DocType {0} does not exist.,DocType {0} אינו קיים.,
DocType {} not found,DocType {} לא נמצא,
DocType's name should not start or end with whitespace,השם של DocType לא אמור להתחיל או להסתיים במרחב לבן,
"DocTypes can not be modified, please use {0} instead","לא ניתן לשנות את DocTypes, השתמש ב-{0} במקום זאת",
Doctype,DOCTYPE,
Doctype name is limited to {0} characters ({1}),שם Doctype מוגבל ל-{0} תווים ({1}),
Doctype required,נדרש מסמך מסמך,
Doctype with same route already exist. Please choose different title.,Doctype עם אותו מסלול כבר קיים. אנא בחר כותרת אחרת.,
Document,מסמך,
Document Actions,פעולות מסמכים,
Document Follow,עקוב אחר המסמך,
Document Follow Notification,הודעת מעקב אחר מסמך,
Document Link,קישור למסמך,
Document Linking,קישור מסמכים,
Document Links,קישורי מסמך,
Document Links Row #{0}: Could not find field {1} in {2} DocType,שורת קישורי מסמכים מס&#39;{0}: לא ניתן היה למצוא את השדה {1} ב-{2} DocType,
Document Links Row #{0}: Invalid doctype or fieldname.,שורת קישורי מסמכים #{0}: סוג מסמך או שדה לא חוקיים.,
Document Links Row #{0}: Parent DocType is mandatory for internal links,שורת קישורי מסמכים #{0}: DocType אב הוא חובה עבור קישורים פנימיים,
Document Links Row #{0}: Table Fieldname is mandatory for internal links,שורת קישורי מסמכים #{0}: שם שדה טבלה הוא חובה עבור קישורים פנימיים,
Document Name,שם מסמך,
Document Name must be a string,שם המסמך חייב להיות מחרוזת,
Document Naming Rule,כלל שמות מסמכים,
Document Naming Rule Condition,תנאי הכלל למתן שמות מסמכים,
Document Naming Settings,הגדרות מתן שמות למסמכים,
Document Queued,מסמך בתור,
Document Restoration Summary,סיכום שחזור מסמכים,
Document Restored,המסמך שוחזר,
Document Saved,המסמך נשמר,
Document Share,שיתוף מסמכים,
Document Share Key,מפתח שיתוף מסמכים,
Document Share Key Expiry (in Days),תפוגה של מפתח שיתוף מסמכים (בימים),
Document Share Report,מסמך שתף דווח,
Document States,מסמך הברית,
Document Status,סטטוס מסמך,
Document Tag,תג מסמך,
Document Title,כותרת המסמך,
Document Type,סוג המסמך,
Document Type and Function are required to create a number card,נדרשים סוג ותפקוד מסמך כדי ליצור כרטיס מספר,
Document Type is not importable,לא ניתן לייבא את סוג המסמך,
Document Type is not submittable,לא ניתן לשלוח את סוג המסמך,
Document Type to Track,סוג מסמך למעקב,
Document Type {0} has been repeated.,סוג המסמך {0} חזר על עצמו.,
Document Types,סוגי מסמכים,
Document Types (Select Permissions Only),סוגי מסמכים (בחר הרשאות בלבד),
Document Types and Permissions,סוגי מסמכים והרשאות,
Document Unlocked,מסמך לא נעול,
Document has been cancelled,המסמך בוטל,
Document has been submitted,המסמך הוגש,
Document is in draft state,המסמך נמצא במצב טיוטה,
Document is only editable by users with role,ניתן לערוך את המסמך רק על ידי משתמשים בעלי תפקיד,
Document not Relinked,המסמך לא מקושר מחדש,
Document renamed from {0} to {1},שם המסמך שונה מ- {0} ל- {1},
Document renaming from {0} to {1} has been queued,מסמך המשנה מ-{0} ל-{1} הוצב בתור,
Document type is required to create a dashboard chart,סוג מסמך נדרש כדי ליצור תרשים לוח מחוונים,
Document {0} Already Restored,המסמך {0} כבר שוחזר,
Document {0} has been set to state {1} by {2},המסמך {0} הוגדר למצב {1} על ידי {2},
Document {0} {1} does not exist,המסמך {0} {1} אינו קיים,
Documentation,תיעוד,
Documentation Link,קישור תיעוד,
Documentation URL,כתובת אתר לתיעוד,
Documents,מסמכים,
Documents restored successfully,המסמכים שוחזרו בהצלחה,
Documents that failed to restore,מסמכים שלא הצליחו לשחזר,
Documents that were already restored,מסמכים שכבר שוחזרו,
Domain,תחום,
Domain Name,שם דומיין,
Domain Settings,הגדרות דומיין,
Domains,תחומים,
Domains HTML,דומיינים HTML,
"Don't HTML Encode HTML tags like &lt;script&gt; or just characters like &lt; or &gt;, as they could be intentionally used in this field","האם לא תגי HTML קידוד HTML כמו &lt;script&gt; או סתם דמויות כמו &lt;או&gt;, כפי שיכלו לשמש במתכוון בתחום זה",
Don't Import,אל תייבא,
Don't Override Status,אל תבטל סטטוס,
Don't Send Emails,אל תשלח מיילים,
"Don't encode HTML tags like &lt;script&gt; or just characters like &lt; or &gt;, as they could be intentionally used in this field","אל תקודד תגי HTML כמו &lt;script&gt; או רק תווים כמו &lt; או &gt;, מכיוון שניתן להשתמש בהם בכוונה בשדה זה",
Don't have an account?,אין לך חשבון?,
Done,נעשה,
Donut,סופגניה,
Double click to edit label,לחץ פעמיים כדי לערוך תווית,
Download,הורד,
Download Backups,גיבויים להורדה,
Download Data,הורד נתונים,
Download Files Backup,הורד גיבוי קבצים,
Download Link,קישור להורדה,
Download PDF,הורד PDF,
Download Report,הורד דוח,
Download Template,תבנית להורדה,
Download Your Data,הורד את הנתונים שלך,
Download vCard,הורד את vCard,
Download vCards,הורד כרטיסי vCard,
Dr,דר,r
Draft,טיוטה,
Drag,לגרור,
Drag & Drop a section here from another tab,גרור ושחרר קטע כאן מכרטיסייה אחרת,
Drag and drop files here or upload from,גרור ושחרר קבצים לכאן או העלה מ,
Drag columns to set order. Column width is set in percentage. The total width should not be more than 100. Columns marked in red will be removed.,גרור עמודות כדי לקבוע סדר. רוחב העמודה נקבע באחוזים. הרוחב הכולל לא צריך להיות יותר מ-100. עמודות המסומנות באדום יוסרו.,
Drag elements from the sidebar to add. Drag them back to trash.,אלמנטי גרור מהסרגל הצדדי כדי להוסיף. גרור אותם בחזרה לאשפה.,
Drag to add state,גרור כדי להוסיף מצב,
Drop files here,זרוק קבצים כאן,
Dropbox Access Token,אסימון גישה של Dropbox,
Dropbox Refresh Token,Dropbox Refresh Token,
Dropbox Settings,הגדרות דרופבוקס,
Dropbox Setup,הגדרת Dropbox,
Dropdowns,נפילות,
Due Date,תאריך יעד,
Due Date Based On,תאריך יעד מבוסס על,
Duplicate,לשכפל,
Duplicate Entry,ערך כפול,
Duplicate Filter Name,שם מסנן כפול,
Duplicate Name,שם כפול,
Duplicate Workspace,שכפול סביבת עבודה,
Duplicate current row,שכפל שורה נוכחית,
Duplicate field,שכפול שדה,
Duplicate of {0} named as {1} is created successfully,עותק של {0} בשם {1} נוצר בהצלחה,
Duration,משך,
Dynamic Filters,מסננים דינמיים,
Dynamic Filters JSON,מסננים דינמיים JSON,
Dynamic Filters Section,מדור מסננים דינמיים,
Dynamic Link,קישור דינמי,
Dynamic Report Filters,מסנני דוחות דינמיים,
Dynamic Route,מסלול דינמי,
Dynamic Template,תבנית דינמית,
ESC,יציאה,
Edit,לערוך,
Edit Auto Email Report Settings,ערוך את הגדרות דוח האימייל האוטומטי,
Edit Chart,ערוך תרשים,
Edit Custom HTML,עריכה המותאמת אישית HTML,
Edit DocType,ערוך DOCTYPE,
Edit Existing,ערוך קיים,
Edit Filter,סינון עריכה,
Edit Filters,ערוך מסננים,
Edit Footer,ערוך כותרת תחתונה,
Edit Format,פורמט עריכה,
Edit Full Form,ערוך טופס מלא,
Edit HTML,עריכת HTML,
Edit Header,ערוך כותרת,
Edit Heading,כותרת עריכה,
Edit Letter Head,ערוך ראש מכתבים,
Edit Letter Head Footer,ערוך כותרת תחתונה של אותיות,
Edit Print Format,ערוך פורמט הדפסה,
Edit Profile,ערוך פרופיל,
Edit Properties,ערוך מאפיינים,
Edit Shortcut,ערוך קיצור דרך,
Edit Values,ערוך ערכים,
Edit Workspace,ערוך סביבת עבודה,
Edit mode,מצב עריכה,
Edit to add content,ערוך להוסיף תוכן,
Edit your response,ערוך את התגובה שלך,Button in web form
Edit your workflow visually using the Workflow Builder.,ערוך את זרימת העבודה שלך באופן חזותי באמצעות בונה זרימת העבודה.,
Edit {0},ערוך את {0},
Editable Grid,רשת לעריכה,
Editing Row,עריכת שורה,
Editing {0},עריכה של {0},
Eg. smsgateway.com/api/send_sms.cgi,לדוגמא. smsgateway.com/api/send_sms.cgi,
Either key or IP flag is required.,נדרש מפתח או דגל IP.,
Element Selector,בורר אלמנטים,
Email,"דוא""ל",
Email Account,"חשבון דוא""ל",
Email Account Disabled.,חשבון דוא&quot;ל מושבת.,
Email Account Name,"שם חשבון דוא""ל",
Email Account added multiple times,חשבון דוא&quot;ל נוסף מספר פעמים,
Email Account not setup. Please create a new Email Account from Settings > Email Account,חשבון דואר אלקטרוני לא מוגדר. אנא צור חשבון דוא&quot;ל חדש מהגדרות &gt; חשבון דוא&quot;ל,
Email Address,כתובת דוא&quot;ל,
Email Address whose Google Contacts are to be synced.,כתובת דוא&quot;ל שאנשי הקשר של Google יש לסנכרן אותה.,
Email Addresses,כתובות דוא&quot;ל,
Email Domain,דומיין דוא&quot;ל,
Email Flag Queue,תור דגל אימייל,
Email Footer Address,כתובת דוא&quot;ל תחתונה,
Email Group,קבוצת דוא&quot;ל,
Email Group Member,אימייל קבוצת המשתמש,
Email ID,מזהה אימייל,
Email IDs,דוא&quot;ל המזהים,
Email Id,מזהה דוא&quot;ל,
Email Inbox,תיבת דואר נכנס,
Email Queue,תור דוא&quot;ל,
Email Queue Recipient,נמען תור דוא&quot;ל,
Email Queue flushing aborted due to too many failures.,שטיפת תור הדוא&quot;ל הופסקה עקב יותר מדי כשלים.,
Email Queue records.,רשום תור דוא&quot;ל.,
Email Reply Help,דוא&quot;ל תשובת עזרה,
Email Retry Limit,מגבלת ניסיון חוזר באימייל,
Email Rule,כלל אימייל,
Email Sent,"דוא""ל שנשלח",
Email Sent At,אימייל נשלח ב,
Email Settings,הגדרות דואר אלקטרוני,
Email Signature,"חתימת דוא""ל",
Email Status,סטטוס דוא&quot;ל,
Email Sync Option,אפשרות סינכרון דוא&quot;ל,
Email Template,תבנית דוא&quot;ל,
Email Threads on Assigned Document,שרשורי דואר אלקטרוני במסמך שהוקצה,
Email To,דוא&quot;ל ל,
Email Unsubscribe,דוא&quot;ל ביטול מנוי,
Email has been marked as spam,דוא&quot;ל סומן כספאם,
Email has been moved to trash,דוא&quot;ל הועבר לאשפה,
Email not sent to {0} (unsubscribed / disabled),דוא&quot;ל לא נשלח {0} (לא רשום / נכים),
Email not verified with {0},אימייל לא אומת באמצעות {0},
Email queue is currently suspended. Resume to automatically send emails.,תור הדוא&quot;ל מושעה כעת. המשך כדי לשלוח מיילים אוטומטית.,
Emails,אימיילים,
Emails are muted,מיילים מושתקים,
Emails will be sent with next possible workflow actions,דוא&quot;ל יישלח עם פעולות זרימת העבודה האפשריות הבאות,
Embed code copied,קוד הטבעה הועתק,
Empty column,עמודה ריקה,
Enable,אפשר,
Enable Allow Auto Repeat for the doctype {0} in Customize Form,הפעל אפשר חזור אוטומטי עבור סוג המסמך {0} בטופס התאמה אישית,
Enable Auto Reply,אפשר מענה אוטומטי,
Enable Automatic Backup,אפשר גיבוי אוטומטי,
Enable Automatic Linking in Documents,אפשר קישור אוטומטי במסמכים,
Enable Comments,אפשר תגובות,
Enable Email Notification,הפעל הודעת אימייל,
Enable Email Notifications,אפשר התראות דוא&quot;ל,
Enable Google API in Google Settings.,הפעל את Google API בהגדרות Google.,
Enable Google indexing,הפעל אינדקס של Google,
Enable Incoming,אפשר נכנסת,
Enable Onboarding,הפעל עלייה למטוס,
Enable Outgoing,אפשר יוצא,
Enable Password Policy,הפעל מדיניות סיסמאות,
Enable Prepared Report,הפעל דוח מוכן,
Enable Print Server,אפשר שרת הדפסה,
Enable Push Notification Relay,אפשר ממסר הודעות דחיפה,
Enable Rate Limit,הפעל מגבלת שיעור,
Enable Raw Printing,אפשר הדפסה גולמית,
Enable Report,אפשר דווח,
Enable Scheduled Jobs,אפשר משימות מתוכננות,
Enable Scheduler,הפעל את מתזמן,
Enable Security,אפשר אבטחה,
Enable Social Login,אפשר כניסה חברתית,
Enable Social Sharing,אפשר שיתוף חברתי,
Enable Tracking Page Views,אפשר צפיות בדף מעקב,
Enable Two Factor Auth,הפעל אימות של שני גורמים,
Enable developer mode to create a standard Print Template,אפשר מצב מפתח כדי ליצור תבנית הדפסה סטנדרטית,
Enable developer mode to create a standard Web Template,אפשר מצב מפתח כדי ליצור תבנית אינטרנט רגילה,
Enable email notification for any comment or likes received on your Blog Post.,אפשר התראה באימייל עבור כל תגובה או לייקים שהתקבלו בפוסט הבלוג שלך.,
"Enable if on click
opens modal.","אפשר אם בלחיצה
פותח מודאלי.",
Enable in-app website tracking,אפשר מעקב אחר אתרים בתוך האפליקציה,
Enabled,מופעל,
Enabled Scheduler,מתזמן מופעל,
Enabled email inbox for user {0},תיבת דואר אלקטרוני מופעלת עבור המשתמש {0},
Enabled scheduled execution for script {0},הופעלה ביצוע מתוזמן לסקריפט {0},
Enables Calendar and Gantt views.,מאפשר תצוגות יומן וגאנט.,
Enabling auto reply on an incoming email account will send automated replies to all the synchronized emails. Do you wish to continue?,הפעלת תשובה אוטומטית בחשבון דוא&quot;ל נכנס תשלח תשובות אוטומטיות לכל האימיילים המסונכרנים. האם ברצונך להמשיך?,
"Enabling this will register your site on a central relay server to send push notifications for all installed apps through Firebase Cloud Messaging. This server only stores user tokens and error logs, and no messages are saved.","הפעלה זו תרשום את האתר שלך בשרת ממסר מרכזי כדי לשלוח הודעות דחיפה עבור כל האפליקציות המותקנות דרך Firebase Cloud Messaging. שרת זה מאחסן רק אסימוני משתמש ויומני שגיאה, ולא נשמרות הודעות.",
Enabling this will submit documents in background,הפעלה זו תשלח מסמכים ברקע,
Encrypt Backups,הצפנת גיבויים,
Encryption key is in invalid format!,מפתח ההצפנה בפורמט לא חוקי!,
Encryption key is invalid! Please check site_config.json,מפתח ההצפנה לא חוקי! אנא בדוק את site_config.json,
End Date,תאריך סיום,
End Date Field,שדה תאריך סיום,
End Date cannot be before Start Date!,תאריך הסיום לא יכול להיות לפני תאריך ההתחלה!,
Ended At,הסתיים ב,
Endpoint URL,כתובת אתר של נקודת קצה,
Endpoints,נקודות קצה,
Ends on,מסתיים ב,
Energy Point,נקודת אנרגיה,
Energy Point Log,יומן נקודת אנרגיה,
Energy Point Rule,כלל נקודת אנרגיה,
Energy Point Settings,הגדרות נקודת אנרגיה,
Energy Point Update on {0},עדכון נקודת אנרגיה ב- {0},
Energy Points,נקודות אנרגיה,
Enqueued By,בתור על ידי,
Enqueued creation of indexes,יצירה בתור של אינדקסים,
Ensure the user and group search paths are correct.,ודא שנתיבי החיפוש של המשתמש והקבוצה נכונים.,
Enter Client Id and Client Secret in Google Settings.,הזן את זיהוי הלקוח ואת סוד הלקוח בהגדרות Google.,
Enter Code displayed in OTP App.,הזן את הקוד המוצג באפליקציית OTP.,
Enter Email Recipient(s),נמען הזן דואר אלקטרוני (ים),
Enter Form Type,הזן טופס סוג,
Enter Value,הזן ערך,Title of prompt dialog
Enter a name for this {0},הזן שם עבור {0} זה,
"Enter default value fields (keys) and values. If you add multiple values for a field, the first one will be picked. These defaults are also used to set ""match"" permission rules. To see list of fields, go to ""Customize Form"".","הזן שדות ערך ברירת מחדל (מקשים) וערכים. אם תוסיף ערכים מרובים עבור שדה, הראשון יהיה נטל. ברירת מחדל אלה משמשים גם לקביעת כללי רשות &quot;התאמה&quot;. כדי לראות רשימה של שדות, ללכת &quot;טופס התאמה אישית&quot;.",
Enter folder name,הזן את שם תיקייה,
"Enter static url parameters here (Eg. sender=ERPNext, username=ERPNext, password=1234 etc.)","הזן הפרמטרים url סטטי כאן (לדוגמא. שולח = ERPNext, שם משתמש = ERPNext, סיסמא = 1234 וכו ')",
Enter url parameter for message,הזן פרמטר url להודעה,
Enter url parameter for receiver nos,הזן פרמטר url למקלט nos,
Enter your password,הכנס את הסיסמה שלך,
Entity Name,שם הישות,
Entity Type,סוג ישות,
Equals,שווה,
Error,שגיאה,
Error Code: {0},קוד שגיאה: {0},
Error Log,יומן שגיאות,
Error Message,הודעת שגיאה,
"Error connecting to QZ Tray Application...<br><br> You need to have QZ Tray application installed and running, to use the Raw Print feature.<br><br><a target=""_blank"" href=""https://qz.io/download/"">Click here to Download and install QZ Tray</a>.<br> <a target=""_blank"" href=""https://erpnext.com/docs/user/manual/en/setting-up/print/raw-printing"">Click here to learn more about Raw Printing</a>.","שגיאה בהתחברות ליישום מגש QZ ...<br><br> אתה צריך להתקין ולהפעיל את יישום מגש QZ כדי להשתמש בתכונת ההדפסה הגולמית.<br><br> <a href=""https://qz.io/download/"" target=""_blank"">לחץ כאן להורדה והתקנה של מגש QZ</a> .<br> <a href=""https://erpnext.com/docs/user/manual/en/setting-up/print/raw-printing"" target=""_blank"">לחץ כאן למידע נוסף על הדפסה גולמית</a> .",
Error connecting via IMAP/POP3: {e},שגיאה בחיבור דרך IMAP/POP3: {e},
Error connecting via SMTP: {e},שגיאה בחיבור באמצעות SMTP: {e},
Error has occurred in {0},אירעה שגיאה ב- {0},
Error in Client Script,שגיאה בסקריפט הלקוח,
Error in Client Script.,שגיאה בסקריפט הלקוח.,
Error in Header/Footer Script,שגיאה בסקריפט כותרת עליונה/תחתונה,
Error in Notification,שגיאה בהודעה,
Error in print format on line {0}: {1},שגיאה בפורמט הדפסה בשורה {0}: {1},
Error while connecting to email account {0},שגיאה בעת התחברות לחשבון דוא&quot;ל {0},
Error while evaluating Notification {0}. Please fix your template.,שגיאה בעת הערכת ההתראה {0}. אנא תקן את התבנית שלך.,
Error: Document has been modified after you have opened it,שגיאה: המסמך השתנה לאחר שפתחת אותו,
Error: Value missing for {0}: {1},שגיאה: חסר ערך עבור {0}: {1},
Errors,שגיאות,
Event,אירוע,
Event Category,קטגוריית אירועים,
Event Frequency,תדירות אירועים,
Event Participants,משתתפי האירוע,
Event Reminders,תזכורות לאירועים,
Event Synced with Google Calendar.,אירוע מסונכרן עם יומן Google.,
Event Type,סוג האירוע,
Events,אירועים,
Events in Today's Calendar,אירועים בלוח השנה של היום,
Everyone,כולם,
"Ex: ""colors"": [""#d1d8dd"", ""#ff5858""]","לדוגמה: &quot;צבעים&quot;: [&quot;# d1d8dd&quot;, &quot;# ff5858&quot;]",
Exact Copies,עותקים מדויקים,
Example,דוגמא,
"Example: ""/desk""",דוגמה: &quot;/ שולחן&quot;,
Example: #Tree/Account,דוגמה: # עץ / חשבון,
Example: 00001,דוגמה: 00001,
Example: Setting this to 24:00 will log out a user if they are not active for 24:00 hours.,דוגמה: הגדרה זו ל-24:00 תנתק משתמש אם הוא לא פעיל במשך 24:00 שעות.,
Example: {{ subject }},דוגמה: {{subject}},
Excel,להצטין,
Excellent,מעולה,
Exception,יוצא מהכלל,
Execute,לבצע,
Execute Console script,בצע סקריפט מסוף,
Executing...,מבצע...,
Execution Time: {0} sec,זמן ביצוע: {0} שניות,
Executive,מנהל,
Expand,להרחיב,
Expand All,הרחב הכל,
Experimental,נסיוני,
Expert,מומחה,
Expiration time,תאריך תפוגה,
Expire Notification On,פג תוקף ההודעה,
Expired,פג תוקף,
Expires In,פג תוקף ב,
Expires On,יפוג בתאריך,
Expiry time of QR Code Image Page,זמן תפוגת דף תמונת קוד קוד,
Export,יצוא,
Export 1 record,ייצא רשומה אחת,
Export Custom Permissions,ייצא הרשאות מותאמות אישית,
Export Customizations,ייצוא התאמות אישיות,
Export Data,ייצוא נתונים,
Export Errored Rows,ייצא שורות שגיאה,
Export From,ייצוא מ,
Export Import Log,ייצוא יומן ייבוא,
Export Report: {0},דוח ייצוא: {0},Export report
Export Type,סוג ייצוא,
Export all matching rows?,לייצא את כל השורות התואמות?,
Export all {0} rows?,לייצא את כל {0} השורות?,
Export as zip,ייצא כ-zip,
Export not allowed. You need {0} role to export.,יצוא אסור. אתה צריך {0} תפקיד ליצוא.,
Export the data without any header notes and column descriptions,ייצא את הנתונים ללא הערות כותרות ותיאורי עמודות,
Export without main header,ייצוא ללא כותרת ראשית,
Export {0} records,ייצא רשומות {0},
Exported permissions will be force-synced on every migrate overriding any other customization.,הרשאות מיוצאות יסונכרנו בכפייה בכל העברה תוך עקיפת כל התאמה אישית אחרת.,
Expose Recipients,חשוף מקבלי,
Expression,הבעה,
Expression (old style),ביטוי (סגנון ישן),
"Expression, Optional","ביטוי, אופציונאלי",
Extra Parameters,פרמטרים נוספים,
Facebook,פייסבוק,
Fail,כשלון,
Failed,נכשל,
Failed Emails,מיילים שנכשלו,
Failed Job Count,ספירת משרות נכשלה,
Failed Jobs,עבודות נכשלות,
Failed Logins (Last 30 days),כניסות שנכשלו (30 הימים האחרונים),
Failed Transactions,עסקאות כושלות,
Failed to aquire lock: {}. Lock may be held by another process.,רכישת המנעול נכשלה: {}. הנעילה עשויה להתקיים בתהליך אחר.,
Failed to change password.,שינוי הסיסמה נכשל.,
Failed to complete setup,השלמת ההתקנה נכשלה,
Failed to compute request body: {},חישוב גוף הבקשה נכשל: {},
Failed to connect to server,נכשל נסיון להתחבר לשרת,
"Failed to decode token, please provide a valid base64-encoded token.","פענוח האסימון נכשל, אנא ספק אסימון מקודד ל- base64.",
Failed to decrypt key {0},פענוח המפתח {0} נכשל,
Failed to delete {0} documents: {1},מחיקת {0} מסמכים נכשלה: {1},
Failed to enable scheduler: {0},נכשל הפעלת מתזמן: {0},
Failed to evaluate conditions: {},נכשל בהערכת התנאים: {},
Failed to export python type hints,ייצוא רמזים מסוג פיתון נכשל,
Failed to generate access token,יצירת אסימון גישה נכשל,
Failed to generate names from the series,יצירת שמות מהסדרה נכשלה,
Failed to generate preview of series,יצירת תצוגה מקדימה של הסדרה נכשלה,
Failed to get method for command {0} with {1},השיטה של הפקודה {0} נכשלה עם {1},
Failed to get method {0} with {1},השיטה {0} נכשלה עם {1},
Failed to get site info,לא ניתן היה לקבל מידע על האתר,
"Failed to import virtual doctype {}, is controller file present?","כשל בייבוא המסמך הווירטואלי {}, האם קיים קובץ הבקר?",
Failed to login to Frappe Cloud. Please try again,הכניסה ל-Frappe Cloud נכשלה. אנא נסה שוב,
Failed to optimize image: {0},ביצוע אופטימיזציה של התמונה נכשל: {0},
Failed to request login to Frappe Cloud,נכשל בקשת התחברות ל-Frappe Cloud,
Failed to send email with subject:,נכשל שליחת האימייל עם הנושא:,
Failed to send notification email,שליחת התראה באימייל נכשלה,
Failed to update global settings,עדכון ההגדרות הגלובליות נכשל,
Failed while calling API {0},נכשל בעת קריאה לממשק API {0},
Failing Scheduled Jobs (last 7 days),עבודות מתוזמנות נכשלות (7 הימים האחרונים),
Failure,כישלון,
Failure Rate,שיעור כשל,
FavIcon,Favicon,
Fax,פקס,
Featured,מומלצים,
Feedback,משוב,
Feedback Request,בקשת משוב,
Female,נקבה,
Fetch From,אחזור מ,
Fetch Images,הבא תמונות,
Fetch attached images from document,הבא תמונות מצורפות מהמסמך,
Fetch on Save if Empty,אחזר על שמור אם ריק,
Fetching default Global Search documents.,מביא מסמכי ברירת מחדל לחיפוש גלובלי.,
Field,שדה,
"Field ""route"" is mandatory for Web Views",שדה &quot;מסלול&quot; הוא חובה עבור תצוגות אינטרנט,
"Field ""title"" is mandatory if ""Website Search Field"" is set.",שדה &quot;כותרת&quot; הוא חובה אם &quot;שדה חיפוש באתר&quot; מוגדר.,
"Field ""value"" is mandatory. Please specify value to be updated",שדה &quot;ערך&quot; הוא חובה. אנא ציין את הערך שיש לעדכן,
Field Description,שדה תיאור,
Field Missing,שדה חסר,
Field Name,שם שדה,
Field Orientation (Left-Right),כיוון שדה (שמאל-ימין),
Field Orientation (Top-Down),התמצאות בשדה (מלמעלה למטה),
Field Template,תבנית שדה,
Field To Check,שדה לבדיקה,
Field Type,סוג שדה,
Field not permitted in query,שדה אסור בשאילתה,
"Field that represents the Workflow State of the transaction (if field is not present, a new hidden Custom Field will be created)","שדה שמייצג את מדינת Workflow של העסקה (אם השדה אינו נוכח, שדה מותאם אישית נסתר חדש ייווצר)",
Field to Track,שדה למסלול,
Field type cannot be changed for {0},לא ניתן לשנות את סוג השדה עבור {0},
Field {0} does not exist on {1},שדה {0} אינו קיים ב-{1},
Field {0} is referring to non-existing doctype {1}.,שדה {0} מתייחס ל-doctype שאינו קיים {1}.,
Field {0} not found.,השדה {0} לא נמצא.,
Fieldname,Fieldname,
Fieldname '{0}' conflicting with a {1} of the name {2} in {3},שם השדה &#39;{0}&#39; מתנגש עם {1} של השם {2} ב-{3},
Fieldname called {0} must exist to enable autonaming,שם שדה בשם {0} חייב להתקיים כדי לאפשר מתן שמות אוטומטיים,
Fieldname is limited to 64 characters ({0}),שם השדה מוגבל ל -64 תווים ({0}),
Fieldname not set for Custom Field,Fieldname לא נקבע לשדה מותאם אישית,
Fieldname which will be the DocType for this link field.,Fieldname אשר יהיה DOCTYPE לקישור תחום זה.,
Fieldname {0} appears multiple times,שם השדה {0} מופיע מספר פעמים,
Fieldname {0} cannot have special characters like {1},Fieldname {0} לא יכול להיות תווים מיוחדים כמו {1},
Fieldname {0} conflicting with meta object,שם השדה {0} מתנגש עם אובייקט מטא,
Fieldname {0} is restricted,שם השדה {0} מוגבל,
Fields,שדות,
Fields Multicheck,שדות מולטיצ&#39;ק,
Fields `file_name` or `file_url` must be set for File,יש להגדיר את השדות `file_name` או `file_url` עבור File,
"Fields separated by comma (,) will be included in the ""Search By"" list of Search dialog box","שדות מופרדים על ידי פסיק (,) ייכללו ב&quot; חפשו לפי &quot;רשימה של תיבת הדו-שיח חיפוש",
Fieldtype,Fieldtype,
Fieldtype cannot be changed from {0} to {1},לא ניתן לשנות את סוג השדה מ-{0} ל-{1},
Fieldtype cannot be changed from {0} to {1} in row {2},Fieldtype לא יכול להיות שונה מ {0} {1} בשורה {2},
File,קובץ,
"File ""{0}"" was skipped because of invalid file type",הקובץ &quot;{0}&quot; נדלג בגלל סוג קובץ לא חוקי,
"File ""{0}"" was skipped because only {1} uploads are allowed",הקובץ &quot;{0}&quot; נדלג מכיוון שרק {1} העלאות מותרות,
"File ""{0}"" was skipped because only {1} uploads are allowed for DocType ""{2}""",הקובץ &quot;{0}&quot; דילג מכיוון שרק {1} העלאות מותרות עבור DocType &quot;{2}&quot;,
"File ""{0}"" was skipped because size exceeds {1} MB",הקובץ &quot;{0}&quot; נדלג מכיוון שהגודל עולה על {1} MB,
File '{0}' not found,קובץ &#39;{0}&#39; לא נמצא,
File Backup,גיבוי קבצים,
File Information,מידע על קבצים,
File Manager,מנהל קבצים,
File Name,שם קובץ,
File Size,גודל קובץ,
File Storage,אחסון קבצים,
File Type,סוג קובץ,
File URL,כתובת אתר קובץ,
File backup is ready,גיבוי הקבצים מוכן,
File name cannot have {0},שם הקובץ לא יכול להכיל {0},
File not attached,קובץ לא צורף,
File size exceeded the maximum allowed size of {0} MB,גודל קובץ חרג מהגודל המרבי המוותרת של {0} MB,
File too big,קובץ גדול מדי,
File type of {0} is not allowed,סוג הקובץ של {0} אינו מותר,
File {0} does not exist,קובץ {0} אינו קיימות,
Files,קבצים,
Filter,לסנן,
Filter By,סנן לפי,
Filter Data,סנן נתונים,
Filter List,רשימת סינון,
Filter Meta,סינון מטא,
Filter Name,שם מסנן,
Filter Values,ערכי סינון,
Filter must be a tuple or list (in a list),המסנן חייב להיות כפול או רשימה (ברשימה),
"Filter must have 4 values (doctype, fieldname, operator, value): {0}","על המסנן להכיל 4 ערכים (סוג מסמך, שם שדה, אופרטור, ערך): {0}",
Filter...,לסנן ...,
Filtered By,מסונן לפי,
Filtered Records,רשומות מסוננות,
"Filtered by ""{0}""",מסונן על ידי &quot;{0}&quot;,
Filters,מסננים,
Filters Configuration,תצורת מסננים,
Filters Display,תצוגת פילטרים,
Filters JSON,מסנן JSON,
Filters Section,מדור פילטרים,
Filters applied for {0},מסננים שהוגשו עבור {0},
Filters saved,מסננים נשמרו,
"Filters will be accessible via <code>filters</code>. <br><br>Send output as <code>result = [result]</code>, or for old style <code>data = [columns], [result]</code>","ניתן לגשת <code>filters</code> באמצעות <code>filters</code> .<br><br> שלח פלט <code>result = [result]</code> , או עבור <code>data = [columns], [result]</code> סגנון ישנים <code>data = [columns], [result]</code>",
Filters {0},מסננים {0},
Filters:,מסננים:,
Find '{0}' in ...,מצא את &#39;{0}&#39; ב...,
Find {0} in {1},מצא {0} ב {1},
Finished,גמור,
Finished At,הסתיים בשעה,
First,ראשון,
First Day of the Week,היום הראשון בשבוע,
First Name,שם פרטים,
First Success Message,הודעת הצלחה ראשונה,
First Transaction,עסקה ראשונה,
First data column must be blank.,נתונים הראשונים חייבים להיות ריקים.,
First set the name and save the record.,ראשית הגדר את השם ושמור את הרשומה.,
Fit,להתאים,
Flag,דגל,
Float,Float,
Float Precision,Precision Float,
Fold,מקפלים,
Fold can not be at the end of the form,קיפול לא יכול להיות בסופו של הטופס,
Fold must come before a Section Break,מקפלים חייבת לבוא לפני הפסקת סעיף,
Folder,תיקייה,
Folder Name,שם התיקיה,
Folder name should not include '/' (slash),שם התיקיה לא צריך לכלול &#39;/&#39; (קו נטוי),
Folder {0} is not empty,תיקיית {0} אינו ריק,
Folio,פוליו,
Follow,לעקוב אחר,
Followed by,בא אחריו,
Following Report Filters have missing values:,למסנני הדוחות הבאים חסרים ערכים:,
Following fields are missing:,השדות הבאים חסרים:,
Following fields have invalid values:,לשדות הבאים יש ערכים לא חוקיים:,
Following fields have missing values,בשדות הבאים חסרים ערכים,
Following fields have missing values:,בשדות הבאים חסרים ערכים:,
Following links are broken in the email content: {0},הקישורים הבאים שבורים בתוכן הדוא&quot;ל: {0},
Font,גופן,
Font Properties,מאפייני גופן,
Font Size,גודל גופן,
Fonts,גופנים,
Footer,תחתונה,
"Footer ""Powered By""",כותרת תחתונה &quot;מופעל על ידי&quot;,
Footer Based On,כותרת תחתונה מבוססת על,
Footer Content,תוכן כותרת תחתונה,
Footer Details,פרטי כותרת תחתונה,
Footer HTML,כותרת תחתונה של HTML,
Footer HTML set from attachment {0},HTML של כותרת תחתונה הוגדר מהקובץ המצורף {0},
Footer Image,תמונת כותרת תחתונה,
Footer Items,פריטים תחתונה,
Footer Logo,לוגו תחתונה,
Footer Script,סקריפט תחתונה,
Footer Template,תבנית תחתונה,
Footer Template Values,ערכי תבנית תחתונה תחתונה,
Footer might not be visible as {0} option is disabled</div>,ייתכן שהכותרת התחתונה לא תהיה גלויה מכיוון שהאפשרות {0} מושבתת</div>,
Footer will display correctly only in PDF,כותרת תחתונה תוצג כהלכה רק ב- PDF,
For DocType Link / DocType Action,עבור קישור DocType / Action DocType,
For Document Event,לאירוע מסמכים,
For Document Type,לסוג המסמך,
For Example: {} Open,לדוגמא: {} פתח,
"For Links, enter the DocType as range.
For Select, enter list of Options, each on a new line.","עבור קישורים, הזן את DocType כטווח.
עבור בחר, הזן רשימה של אפשרויות, כל אחת בשורה חדשה.",
For User,עבור המשתמש,
For Value,עבור ערך,
"For comparison, use >5, <10 or =324. For ranges, use 5:10 (for values between 5 & 10).","לשם השוואה, השתמש ב&gt; 5, &lt;10 או = 324. לטווחים, השתמש ב -5: 10 (לערכים שבין 5 ל -10).",
For example if you cancel and amend INV004 it will become a new document INV004-1. This helps you to keep track of each amendment.,"לדוגמא, אם תוכל לבטל ולתקן INV004 היא תהפוך לINV004-1 מסמך חדש. זה עוזר לך לעקוב אחר כל תיקון.",
For example:,לדוגמה:,
"For example: If you want to include the document ID, use {0}","לדוגמא: אם ברצונך לכלול זיהוי המסמך, השתמש {0}",
For example: {} Open,לדוגמא: {} פתח,
"For help see <a href=""https://frappeframework.com/docs/user/en/guides/portal-development/web-forms"" target=""_blank"">Client Script API and Examples</a>","לקבלת עזרה עיין ב- <a href=""https://frappeframework.com/docs/user/en/guides/portal-development/web-forms"" target=""_blank"">API של סקריפט הלקוח ודוגמאות</a>",
"For more information, <a class=""text-muted"" href=""https://erpnext.com/docs/user/manual/en/setting-up/email/linking-emails-to-document"">click here</a>.","למידע נוסף <a class=""text-muted"" href=""https://erpnext.com/docs/user/manual/en/setting-up/email/linking-emails-to-document"">לחץ כאן</a> .",
"For more information, {0}.","למידע נוסף, {0}.",
"For multiple addresses, enter the address on different line. e.g. test@test.com ⏎ test1@test.com","עבור מספר כתובות, הזן את הכתובת בשורה אחרת. למשל test@test.com ⏎ test1@test.com",
"For updating, you can update only selective columns.","לעדכון, אתה יכול לעדכן את עמודים רק סלקטיבית.",
For {0} at level {1} in {2} in row {3},עבור {0} ברמת {1} {2} בשורת {3},
Force,כוח,
Force Re-route to Default View,כפה ניתוב מחדש לתצוגת ברירת מחדל,
Force Show,צג חיל,
Force Stop job,עבודה בכוח להפסיק,
Force User to Reset Password,לאלץ משתמש לאפס סיסמה,
Force Web Capture Mode for Uploads,כפה מצב לכידת אינטרנט עבור העלאות,
Forgot Password?,שכחת את הסיסמא?,
Form,טופס,
Form Builder,בונה טפסים,
Form Dict,טופס דיקט,
Form Settings,הגדרות טופס,
Form Tour,סיור טפסים,
Form Tour Step,שלב סיור טופס,
Form URL-Encoded,מקודד לכתובת URL,
Format,פורמט,
Format Data,נתונים בפורמט,
Forward,קדימה,
Forward To Email Address,"קדימה To כתובת דוא""ל",
Fraction,חלק,
Fraction Units,יחידות שבריר,
Frappe,פראפה,
Frappe Cloud Login Successful,ההתחברות של Frappe Cloud הצליחה,
Frappe Framework,Framework פראפה,
Frappe Insights,Frappe Insights,
Frappe Light,פראפה אור,
Frappe Support,תמיכת Frappe,
Frappe page builder using components,בונה דפים של Frappe באמצעות רכיבים,
Free,לשחרר,Image Cropper
Frequency,תדר,
Friday,יום שישי,
From,מ,
From Date,מתאריך,
From Date Field,משדה התאריך,
From Document Type,מתוך סוג המסמך,
From Full Name,משמו המלא,
From User,מהמשתמש,
From version,מגרסה,
Full,מלא,
Full Name,שם מלא,
Full Page,דף מלא,
Full Width,רוחב מלא,
Function,פונקציה,
Function Based On,פונקציה מבוססת על,
Function {0} is not whitelisted.,הפונקציה {0} אינה ברשימת ההיתרים.,
Further nodes can be only created under 'Group' type nodes,צמתים נוספים ניתן ליצור אך ורק תחת צמתים הסוג 'הקבוצה',
Fw: {0},Fw: {0},
GET,לקבל,
GMail,GMail,
GNU Affero General Public License,רישיון הציבור הכללי של GNU Affero,
GNU General Public License,רישיון הציבור הכללי של גנו,
Gantt,גנט,
Gantt View,נוף גאנט,
Gender,מין,
Genderqueer,ג&#39;נדרקר,
General,כללי,
Generate Keys,צור מפתחות,
Generate New Report,צור דוח חדש,
Generate Random Password,צור סיסמה אקראית,
Generate Tracking URL,צור כתובת אתר למעקב,
Geo,Geo,
Geolocation,מיקום גיאוגרפי,
Get Alerts for Today,קבל התראות עבור היום,
Get Backup Encryption Key,קבל מפתח הצפנה לגיבוי,
Get Contacts,קבל אנשי קשר,
Get Fields,קבל שדות,
Get Header and Footer wkhtmltopdf variables,קבל משתני כותרת עליונה ותחתית wkhtmltopdf,
Get Items,קבל פריטים,
Get OpenID Configuration,קבל תצורת OpenID,
Get PDF,קבל PDF,
Get a preview of generated names with a series.,קבל תצוגה מקדימה של שמות שנוצרו עם סדרה.,
Get more insights with,קבל יותר תובנות עם,
Get notified when an email is received on any of the documents assigned to you.,קבל הודעה כאשר הודעת דוא&quot;ל מתקבלת על כל אחד מהמסמכים שהוקצו לך.,
Get your globally recognized avatar from Gravatar.com,קבל גלגול המוכר בעולם שלך מGravatar.com,
Git Branch,סניף גיט,
GitHub,GitHub,
Github flavoured markdown syntax,תחביר הסימון של הטעם Github,
Give Review Points,תן נקודות סקירה,
Global Search DocType,חיפוש גלובלי DocType,
Global Search Document Types Reset.,איפוס סוגי מסמכים לחיפוש גלובלי.,
Global Search Settings,הגדרות חיפוש גלובלי,
Global Shortcuts,קיצורי דרך עולמיים,
Global Unsubscribe,גלובל ביטול מנוי,
Go,ללכת,
Go Back,תחזור,
Go to Login Required field,עבור לשדה נדרשת התחברות,
Go to Notification Settings List,עבור אל רשימת הגדרות התראה,
Go to Page,לך לעמוד,
Go to Workflow,עבור אל זרימת עבודה,
Go to Workspace,עבור אל Workspace,
Go to next record,עבור לרשומה הבאה,
Go to previous record,עבור לרשומה הקודמת,
Go to the document,עבור למסמך,
Go to this URL after completing the form,עבור לכתובת האתר הזו לאחר מילוי הטופס,
Go to {0},עבור אל {0},
Go to {0} List,עבור אל {0} רשימה,
Go to {0} Page,עבור אל הדף {0},
Goal,מטרה,
Google,Google,
Google Analytics ID,המזהה של Google Analytics,
Google Analytics anonymise IP,Google Analytics אנונימי את ה-IP,
Google Calendar,לוח שנה של גוגל,
Google Calendar - Contact / email not found. Did not add attendee for -<br>{0},יומן גוגל - איש קשר / אימייל לא נמצא. לא הוספת משתתף עבור -<br> {0},
"Google Calendar - Could not create Calendar for {0}, error code {1}.","יומן Google - לא ניתן ליצור יומן עבור {0}, קוד שגיאה {1}.",
"Google Calendar - Could not delete Event {0} from Google Calendar, error code {1}.","יומן Google - לא ניתן היה למחוק את האירוע {0} מיומן Google, קוד שגיאה {1}.",
"Google Calendar - Could not fetch event from Google Calendar, error code {0}.","יומן Google - לא ניתן היה לאחזר אירוע מיומן Google, קוד שגיאה {0}.",
"Google Calendar - Could not insert contact in Google Contacts {0}, error code {1}.","יומן Google - לא ניתן היה להכניס איש קשר לאנשי הקשר של Google {0}, קוד שגיאה {1}.",
"Google Calendar - Could not insert event in Google Calendar {0}, error code {1}.","יומן Google - לא ניתן היה להכניס אירוע ליומן Google {0}, קוד שגיאה {1}.",
"Google Calendar - Could not update Event {0} in Google Calendar, error code {1}.","יומן Google - לא ניתן היה לעדכן את האירוע {0} ביומן Google, קוד השגיאה {1}.",
Google Calendar Event ID,מזהה אירוע ביומן Google,
Google Calendar ID,מזהה יומן Google,
Google Calendar has been configured.,הוגדר יומן Google.,
Google Contacts,אנשי קשר של גוגל,
"Google Contacts - Could not sync contacts from Google Contacts {0}, error code {1}.","אנשי קשר של Google - לא ניתן היה לסנכרן אנשי קשר מאנשי הקשר של Google {0}, קוד שגיאה {1}.",
"Google Contacts - Could not update contact in Google Contacts {0}, error code {1}.","אנשי קשר של Google - לא ניתן היה לעדכן איש קשר באנשי הקשר של Google {0}, קוד שגיאה {1}.",
Google Contacts Id,מזהה אנשי קשר של Google,
Google Drive,Google Drive,
Google Drive - Could not create folder in Google Drive - Error Code {0},כונן Google - לא ניתן היה ליצור תיקייה ב- Google Drive - קוד שגיאה {0},
Google Drive - Could not find folder in Google Drive - Error Code {0},כונן Google - לא ניתן למצוא תיקייה ב- Google Drive - קוד שגיאה {0},
Google Drive - Could not locate - {0},כונן Google - לא ניתן היה לאתר - {0},
Google Drive Backup Successful.,גיבוי כונן Google הצליח.,
Google Drive Picker,בוחר Google Drive,
Google Drive Picker Enabled,בוחר Google Drive מופעל,
Google Font,גופן של גוגל,
Google Meet Link,קישור ל-Google Meet,
Google Settings,הגדרות Google,
Google Sheets URL is invalid or not publicly accessible.,כתובת האתר של Google Sheets אינה חוקית או אינה נגישה לציבור.,
"Google Sheets URL must end with ""gid={number}"". Copy and paste the URL from the browser address bar and try again.",כתובת האתר של Google Sheets חייבת להסתיים ב- &quot;gid = {number}&quot;. העתק והדבק את כתובת האתר משורת הכתובת של הדפדפן ונסה שוב.,
Google Snippet Preview,תצוגה מקדימה של Google Snippet,
Grant Type,סוג מענק,
Graph,גרף,
Gray,אפור,
Greater Than,גדול מ,
Greater Than Or Equal To,גדול או שווה ל,
Green,ירוק,
Grid Empty State,מצב ריק של רשת,
Grid Shortcuts,קיצורי דרך לרשת,
Group,קבוצה,
Group By,קבץ לפי,
Group By Based On,קבוצה לפי מבוסס על,
Group By Type,קבץ לפי סוג,
Group By field is required to create a dashboard chart,שדה קבוצה לפי נדרש כדי ליצור תרשים לוח מחוונים,
Group Node,צומת קבוצה,
Group Object Class,Class Object Group,
Grouped by <span style='font-weight:600;'>{0}</b>,מקובצים לפי <span style='font-weight:600;'>{0}</span>,
HEAD,ראש,
HH:mm,HH: מ&quot;מ,
HH:mm:ss,HH: מ&quot;מ: ss,
HTML,HTML,
HTML Editor,עורך HTML,
HTML Page,דף HTML,
HTML for header section. Optional,HTML לסעיף כותרת. אופציונאלי,
HTML with jinja support,HTML עם תמיכה ב- jinja,
Half,חצי,
Half Day,חצי יום,
Half Yearly,חצי שנתי,
Half-yearly,חצי שנתי,
Handled Emails,טיפול באימיילים,
Has  Attachment,יש קובץ מצורף,
Has Attachments,יש קבצים מצורפים,
Has Domain,בעל דומיין,
Has Next Condition,יש מצב הבא,
Has Role,בעל תפקיד,
Has Web View,בעל תצוגת אינטרנט,
Have an account? Login,יש לך חשבון? התחבר,
Header,כותרת,
Header HTML,כותרת HTML,
Header HTML set from attachment {0},כותרת HTML מוגדרת מתוך קובץ מצורף {0},
Header Script,סקריפט כותרת,
Header and Breadcrumbs,כותרת ופירורי לחם,
"Header, Robots","כותרת, רובוטים",
Header/Footer scripts can be used to add dynamic behaviours.,ניתן להשתמש בסקריפטים של כותרת עליונה/תחתונה כדי להוסיף התנהגויות דינמיות.,
Headers,כותרות,
Heading,כותרת,
Heatmap,מפת חום,
Hello,שלום,
Help,עזרה,
Help Article,מאמר העזרה,
Help Articles,מאמרי עזרה,
Help Category,קטגוריית עזרה,
Help Dropdown,עזרה ברשימה הנפתחת,
Help HTML,העזרה HTML,
Help on Search,עזרה בחיפוש,
"Help: To link to another record in the system, use ""/app/note/[Note Name]"" as the Link URL. (don't use ""http://"")","עזרה: כדי לקשר לרשומה אחרת במערכת, השתמש ב-&quot;/app/note/[שם הערה]&quot; בתור כתובת האתר של הקישור. (אל תשתמש ב-&quot;http://&quot;)",
Helpful,מועיל,
Helvetica,Helvetica,
Helvetica Neue,Helvetica Neue,
Here's your tracking URL,הנה כתובת האתר שלך למעקב,
Hi {0},שלום {0},
Hidden,מוסתר,
Hidden Fields,שדות נסתרים,
Hide,להתחבא,
Hide Block,הסתר חסום,
Hide Border,הסתר גבול,
Hide Buttons,הסתר כפתורים,
Hide CTA,הסתר CTA,
Hide Copy,הסתר העתקה,
Hide Custom DocTypes and Reports,הסתר סוגי דוחות ודוחות מותאמים אישית,
Hide Days,הסתר ימים,
Hide Descendants,הסתר צאצאים,
Hide Error,הסתר שגיאה,
Hide Login,הסתר התחברות,
Hide Preview,הסתר תצוגה מקדימה,
"Hide Previous, Next and Close button on highlight dialog.","הסתר את הלחצן הקודם, הבא וסגור בתיבת הדו-שיח להדגשה.",
Hide Saved,הסתר נשמר,
Hide Seconds,הסתר שניות,
"Hide Sidebar, Menu, and Comments","הסתר סרגל צד, תפריט והערות",
Hide Standard Menu,הסתר את התפריט הסטנדרטי,
Hide Tags,הסתר תגיות,
Hide Weekends,הסתר סופי שבוע,
Hide Workspace,הסתר סביבת עבודה,
Hide descendant records of <b>For Value</b>.,הסתר רשומות צאצאים של <b>For Value</b> .,
Hide details,פרטי הסתרה,
Hide footer in auto email reports,הסתר כותרת תחתונה בדוחות דואר אלקטרוני אוטומטיים,
Hide footer signup,הסתר את ההרשמה לכותרת תחתונה,
High,גבוה,
Higher priority rule will be applied first,תחילה יוחל על כלל עדיפות גבוהה יותר,
Highlight,גולת כותרת,
"Hint: Include symbols, numbers and capital letters in the password","רמז: כלול סמלים, מספרים ואותיות גדולות בסיסמה",
Home,בית,
Home Page,דף הבית,
Home Settings,הגדרות בית,
Home/Test Folder 1,דף בית / מבחן תיקיית 1,
Home/Test Folder 1/Test Folder 3,תיקיית בית / מבחן 1 / מבחן תיקייה 3,
Home/Test Folder 2,דף בית / מבחן תיקייה 2,
Hourly,לפי שעה,
Hourly Long,ארוך לפי שעה,
Hourly rate limit for generating password reset links,מגבלת תעריף לשעה ליצירת קישורי איפוס סיסמא,
"How should this currency be formatted? If not set, will use system defaults","איך מטבע זה צריך להיות מעוצב? אם לא מוגדר, ישתמש ברירות המחדל של מערכת",
ID,תעודת זהות,D
ID (name),מזהה (שם),
ID (name) of the entity whose property is to be set,מזהה (שם) של הישות שרכושו כדי להיות מוגדר,
"IDs must contain only alphanumeric characters, not contain spaces, and should be unique.","המזהים חייבים להכיל רק תווים אלפאנומריים, לא להכיל רווחים וצריכים להיות ייחודיים.",
IMAP Details,פרטי IMAP,
IMAP Folder,תיקיית IMAP,
IP Address,כתובת ה - IP,
Icon,אייקון,
Icon will appear on the button,סמל יופיע על הכפתור,
Identity Details,פרטי זהות,
Idx,IDX,
"If Apply Strict User Permission is checked and User Permission is defined for a DocType for a User, then all the documents where value of the link is blank, will not be shown to that User","אם מסומנת החל הרשאת משתמש קפדנית ומוגדרת הרשאת משתמש עבור DocType עבור משתמש, אז כל המסמכים בהם ערך הקישור ריק, לא יוצגו לאותו משתמש.",
If Checked workflow status will not override status in list view,אם מצב זרימת העבודה המסומן לא יעקוף את המצב בתצוגת הרשימה,
If Owner,אם בעלים,
"If a Role does not have access at Level 0, then higher levels are meaningless.","אם לא יש להם תפקיד גישה ברמה 0, רמות גבוהות יותר ואז הן חסרות משמעות.",
"If checked, all other workflows become inactive.","אם מסומן, כל זרימות העבודה האחרות להפוך לבלתי פעילה.",
"If checked, negative numeric values of Currency, Quantity or Count would be shown as positive","אם מסומן, ערכים מספריים שליליים של מטבע, כמות או ספירה יוצגו כחיוביים",
"If checked, users will not see the Confirm Access dialog.","אם מסומן, משתמשים לא יראו את תיבת הדו-שיח אשר גישה.",
"If disabled, this role will be removed from all users.","אם מושבת, התפקיד הזה יוסר מכל המשתמשים.",
"If enabled,  user can login from any IP Address using Two Factor Auth, this can also be set for all users in System Settings","אם הוא מופעל, המשתמש יכול להתחבר מכל כתובת IP באמצעות Auth Two Factor, ניתן להגדיר זאת גם עבור כל המשתמשים בהגדרות המערכת",
"If enabled, all responses on the web form will be submitted anonymously","אם מופעל, כל התגובות בטופס האינטרנט יוגשו בעילום שם",
"If enabled, all users can login from any IP Address using Two Factor Auth. This can also be set only for specific user(s) in User Page","אם מופעל, כל המשתמשים יכולים להתחבר מכל כתובת IP באמצעות Authentication Two Factor. ניתן להגדיר זאת רק עבור משתמשים ספציפיים בדף המשתמש",
"If enabled, changes to the document are tracked and shown in timeline","אם אפשרות זו מופעלת, עוקבים אחר שינויים במסמך ומוצגים בציר הזמן",
"If enabled, document views are tracked, this can happen multiple times","אם אפשרות זו מופעלת, ניתן לעקוב אחר תצוגות המסמכים, הדבר יכול לקרות מספר פעמים",
"If enabled, the document is marked as seen, the first time a user opens it","אם מופעל, המסמך מסומן כראוי, בפעם הראשונה שמשתמש פותח אותו",
"If enabled, the notification will show up in the notifications dropdown on the top right corner of the navigation bar.","אם היא מופעלת, ההודעה תופיע בתפריט הנפתח של ההודעות בפינה השמאלית העליונה של סרגל הניווט.",
"If enabled, the password strength will be enforced based on the Minimum Password Score value. A value of 2 being medium strong and 4 being very strong.","אם הוא מופעל, חוזק הסיסמה יאוכף על סמך הערך המינימלי של ציון הסיסמה. ערך של 2 להיות בינוני חזק ו -4 להיות חזק מאוד.",
"If enabled, users who login from Restricted IP Address, won't be prompted for Two Factor Auth","אם אפשרות זו מופעלת, משתמשים המתחברים מכתובת IP מוגבלת לא יתבקשו לאמת דו גורמי",
"If enabled, users will be notified every time they login. If not enabled, users will only be notified once.","אם אפשרות זו מופעלת, המשתמשים יקבלו הודעה בכל פעם שהם נכנסים. אם לא מופעלת, המשתמשים יקבלו הודעה רק פעם אחת.",
"If left empty, the default workspace will be the last visited workspace","אם נותר ריק, סביבת העבודה המוגדרת כברירת מחדל תהיה סביבת העבודה האחרונה שבה ביקרת",
If non standard port (e.g. 587),אם יציאה לא סטנדרטית (לדוגמא 587),
"If non standard port (e.g. 587). If on Google Cloud, try port 2525.","אם יציאה לא סטנדרטית (למשל 587). אם ב- Google Cloud, נסה את פורט 2525.",
"If non-standard port (e.g. POP3: 995/110, IMAP: 993/143)","אם יציאה לא סטנדרטית (למשל POP3: 995/110, IMAP: 993/143)",
"If not set, the currency precision will depend on number format","אם לא מוגדר, דיוק המטבע יהיה תלוי בתבנית המספר",
"If set, only user with these roles can access this chart. If not set, DocType or Report permissions will be used.","אם מוגדר, רק משתמש עם תפקידים אלה יכול לגשת לתרשים זה. אם לא מוגדר, ייעשה שימוש בהרשאות DocType או Report.",
"If the condition is satisfied user will be rewarded with the points. eg. doc.status == 'Closed'
","אם התנאי מרוצה, המשתמש יתוגמל בנקודות. למשל. doc.status == &#39;סגור&#39;
",
"If the user has any role checked, then the user becomes a ""System User"". ""System User"" has access to the desktop","אם למשתמש יש כל תפקיד המסומן, ולאחר מכן המשתמש הופך &quot;משתמש מערכת&quot;. &quot;משתמש מערכת&quot; יש גישה לשולחן העבודה",
"If these instructions where not helpful, please add in your suggestions on GitHub Issues.","אם הוראות אלה שבם לא מועילים, בבקשה להוסיף בהצעות שלך על נושאי GitHub.",
"If unchecked, the value will always be re-fetched on save.","אם לא מסומן, הערך תמיד יובא מחדש בשמירה.",
If user is the owner,אם משתמש הוא בעל,
"If you are updating, please select ""Overwrite"" else existing rows will not be deleted.","אם אתה מעדכן, בחר באפשרות ""החלף"" שורות אחרת קיימות לא תימחקנה.",
"If you are uploading new records, ""Naming Series"" becomes mandatory, if present.","אם אתה מעלה שיאים חדשים, ""שמות סדרה"" הופך חובה, אם קיימים.",
"If you are uploading new records, leave the ""name"" (ID) column blank.","אם אתה מעלה שיאים חדשים, לעזוב את ריק עמודת ""שם"" (ID).",
If you have recently restored the site you may need to copy the site config contaning original Encryption Key.,"אם שחזרת לאחרונה את האתר, ייתכן שיהיה עליך להעתיק את תצורת האתר המכילה את מפתח ההצפנה המקורי.",
"If you haven't been redirected,","אם לא הופניתם מחדש,",
"If you just want to customize for your site, use {0} instead.","אם אתה רק רוצה להתאים אישית עבור האתר שלך, השתמש במקום זאת ב-{0}.",
"If you set this, this Item will come in a drop-down under the selected parent.","אם תגדיר את זה, פריט זה יבוא בנפתח תחת ההורה שנבחר.",
"If you think this is unauthorized, please change the Administrator password.","אם אתה חושב שזה בלתי מורשה, בבקשה לשנות את סיסמא המנהל.",
"If your data is in HTML, please copy paste the exact HTML code with the tags.","אם הנתונים שלך הוא ב- HTML, אנא העתק והדבק את קוד ה- HTML המדויק עם התגים.",
Ignore User Permissions,להתעלם הרשאות משתמש,
Ignore XSS Filter,התעלם מסנן XSS,
Ignore attachments over this size,התעלם קבצים מצורפים מעל הגודל הזה,
Ignored Apps,התעלמו מאפליקציות,
Illegal Access Token. Please try again,אסימון גישה בלתי חוקי. בבקשה נסה שוב,
Illegal Document Status for {0},סטטוס מסמך לא חוקי עבור {0},
Illegal SQL Query,שאילתת SQL לא חוקית,
Illegal template,תבנית לא חוקית,
Image,תמונה,
Image Field,שדה תמונה,
Image Height,גובה התמונה,
Image Link,תמונת קישור,
Image View,צפה בתמונה,
Image Width,רוחב תמונה,
Image field must be a valid fieldname,שדה תמונה חייב להיות fieldname תקף,
Image field must be of type Attach Image,שדה תמונה חייב להיות מסוג צרף תמונה,
Image link '{0}' is not valid,קישור התמונה &#39;{0}&#39; אינו חוקי,
Image optimized,תמונה מותאמת,
Image: Corrupted Data Stream,תמונה: זרם נתונים פגום,
Images,תמונות,
Impersonate,להתחזות,
Impersonate as {0},התחזות כ-{0},
Impersonated by {0},התחזה על ידי {0},
Impersonating {0},מתחזה ל-{0},
Implement `clear_old_logs` method to enable auto error clearing.,הטמע את שיטת `clear_old_logs` כדי לאפשר ניקוי שגיאות אוטומטי.,
Implicit,משתמע,
Import,יבוא,
Import Email From,דוא&quot;ל יבוא מ,
Import File,ייבא קובץ,
Import File Errors and Warnings,ייבא שגיאות ואזהרות קבצים,
Import Log,יבוא יומן,
Import Log Preview,ייבוא תצוגה מקדימה של יומן,
Import Preview,תצוגה מקדימה של ייבוא,
Import Progress,ייבוא התקדמות,
Import Subscribers,מנויים יבוא,
Import Type,סוג ייבוא,
Import Warnings,אזהרות ייבוא,
Import Zip,ייבא מיקוד,
Import from Google Sheets,ייבא מגיליונות גוגל,
"Import template should be of type .csv, .xlsx or .xls","תבנית הייבוא צריכה להיות מסוג .csv, .xlsx או .xls",
Import template should contain a Header and atleast one row.,תבנית הייבוא צריכה להכיל כותרת וכמעט שורה אחת.,
"Import timed out, please re-try.","תם הזמן הקצוב לייבוא, אנא נסה שוב.",
Importing {0} is not allowed.,לא ניתן לייבא את {0}.,
Importing {0} of {1},מייבא {0} מתוך {1},
"Importing {0} of {1}, {2}","מייבא {0} מתוך {1}, {2}",
In,ב,
In Days,בימים,
In Filter,במסנן,
In Global Search,בחיפוש גלובלי,
In Grid View,בתצוגת רשת,
In List Filter,במסנן רשימה,
In List View,בצפה ברשימה,
In Preview,בתצוגה מקדימה,
In Progress,בתהליך,
In Read Only Mode,במצב קריאה בלבד,
In Reply To,בתשובה ל,
In Standard Filter,בפילטר סטנדרטי,
In points. Default is 9.,בנקודות. ברירת מחדל הוא 9.,
In seconds,בשניות,
Inactive,לא פעיל,
Inbox,תיבת הדואר הנכנס,
Inbox User,משתמש בתיבת הדואר הנכנס,
Inbox View,תצוגת תיבת דואר נכנס,
Include Name Field,כלול שדה שם,
Include Search in Top Bar,כלול חיפוש בסרגל העליון,
Include Theme from Apps,כלול נושא מאפליקציות,
Include Web View Link in Email,שלח מסמך קישור תצוגת אינטרנט בדוא&quot;ל,
Include filters,כלול מסננים,
Include indentation,כלול כניסה,
"Include symbols, numbers and capital letters in the password","כלול סמלים, מספרים ואותיות גדולות בסיסמה",
Incoming (POP/IMAP) Settings,הגדרות נכנסות (POP/IMAP).,
Incoming Emails (Last 7 days),אימיילים נכנסים (7 הימים האחרונים),
Incoming Server,שרת נכנס,
Incoming Settings,הגדרות נכנסות,
Incoming email account not correct,חשבון הדוא&quot;ל הנכנס אינו תקין,
Incomplete Virtual Doctype Implementation,יישום וירטואלי Doctype לא שלם,
Incomplete login details,פרטי כניסה לא שלמים,
Incorrect Configuration,תצורה שגויה,
Incorrect URL,כתובת אתר שגויה,
Incorrect User or Password,משתמש או סיסמה שגויים,
Incorrect Verification code,קוד אימות שגוי,
Incorrect value in row {0}:,ערך שגוי בשורה {0}:,
Incorrect value:,ערך שגוי:,
Index,מדד,
Index Web Pages for Search,אינדקס דפי אינטרנט לחיפוש,
Index created successfully on column {0} of doctype {1},האינדקס נוצר בהצלחה בעמודה {0} של doctype {1},
Indexing authorization code,הוספת קוד הרשאה לאינדקס,
Indexing refresh token,אסימון רענון אינדקס,
Indicator,אינדיקטור,
Indicator Color,צבע מחוון,
Indicator color,צבע מחוון,
Info,מידע,
Info:,מידע:,
Initial Sync Count,ספירת סנכרון ראשונית,
InnoDB,InnoDB,
Insert,הכנס,
Insert Above,הכנס מעל,
Insert After,הכנס לאחר,
Insert After cannot be set as {0},הכנס לאחר לא יכול להיות מוגדר בתור {0},
"Insert After field '{0}' mentioned in Custom Field '{1}', with label '{2}', does not exist","הכנס לאחר שדה &#39;{0}&#39; המוזכר בשדה מותאם אישית &#39;{1}&#39;, עם התווית &#39;{2}&#39;, אינו קיים",
Insert Below,הכנס להלן,
Insert Column Before {0},הוסף עמודה לפני {0},
Insert Image in Markdown,הוסף תמונה ב-Markdown,
Insert New Records,הכנס רשומות חדשות,
Insert Style,הכנס סגנון,
Install {0} from Marketplace,התקן את {0} מ-Marketplace,
Installed Application,יישום מותקן,
Installed Applications,יישומים מותקנים,
Installed Apps,אפליקציות מותקנות,
Instructions,הוראות,
Instructions Emailed,הוראות בדוא&quot;ל,
Insufficient Permission Level for {0},רמת הרשאה לא מספקת עבור {0},
Insufficient Permission for {0},אישור מספיק עבור {0},
Insufficient Permissions for deleting Report,הרשאות לא מספיקות למחיקת דוח,
Insufficient Permissions for editing Report,הרשאות לא מספיקות לעריכת דוח,
Insufficient attachment limit,מגבלת התקשרות לא מספקת,
Int,Int,
Integration Request,בקשת שילוב,
Integrations,אינטגרציות,
Integrations can use this field to set email delivery status,אינטגרציות יכולות להשתמש בשדה זה כדי להגדיר מצב משלוח דוא&quot;ל,
Inter,בין,
Interests,אינטרסים,
Intermediate,ביניים,
Internal Server Error,שגיאת שרת פנימית,
Internal record of document shares,שיא פנימי של מניות מסמך,
Intro,הקדמה,
Intro Video URL,כתובת אתר של סרטון מבוא,
Introduce your company to the website visitor.,להציג את החברה שלך למבקר באתר.,
Introduction,מבוא,
Introductory information for the Contact Us Page,מידע מבוא לצורו קשר הדף,
Introspection URI,URI של אינטרוספקציה,
Invalid,לא חוקי,
"Invalid ""depends_on"" expression",ביטוי &quot;תלוי_לא&quot; לא חוקי,
"Invalid ""depends_on"" expression set in filter {0}",ביטוי &quot;תלוי_לא&quot; לא חוקי מוגדר במסנן {0},
"Invalid ""mandatory_depends_on"" expression",ביטוי &quot;חובה_תלוי_ב&quot; לא חוקי,
Invalid Action,פעולה לא חוקית,
Invalid CSV Format,פורמט CSV חוקי,
Invalid Code. Please try again.,קוד לא חוקי. אנא נסה שוב.,
Invalid Condition: {},מצב לא חוקי: {},
Invalid Credentials,אישורים לא חוקיים,
Invalid Date,תאריך לא חוקי,
Invalid DocType,DocType לא חוקי,
Invalid DocType: {0},DocType לא חוקי: {0},
Invalid Fieldname,שם שדה לא חוקי,
Invalid File URL,כתובת אתר לא חוקית של קובץ,
Invalid Filter Format for field {0} of type {1}. Try using filter icon on the field to set it correctly,פורמט סינון לא חוקי עבור שדה {0} מסוג {1}. נסה להשתמש בסמל המסנן בשדה כדי להגדיר אותו כהלכה,
Invalid Filter Value,ערך מסנן לא חוקי,
Invalid Home Page,דף בית לא חוקי,
Invalid Link,קישור לא חוקי,
Invalid Login Token,לא חוקי כניסת אסימון,
Invalid Login. Try again.,כניסה לא חוקית. נסה שוב.,
Invalid Mail Server. Please rectify and try again.,שרת דואר לא חוקי. אנא לתקן ונסה שוב.,
Invalid Naming Series: {},סדרת שמות לא חוקית: {},
Invalid Operation,פעולה לא חוקית,
Invalid Option,אפשרות לא חוקית,
Invalid Outgoing Mail Server or Port: {0},שרת דואר יוצא או יציאה לא חוקיים: {0},
Invalid Output Format,פורמט פלט לא חוקי,
Invalid Parameters.,פרמטרים לא חוקיים.,
Invalid Password,סיסמה שגויה,
Invalid Phone Number,מספר טלפון לא חוקי,
Invalid Request,בקשה לא חוקית,
Invalid Search Field {0},שדה חיפוש לא חוקי {0},
Invalid Table Fieldname,שם שדה טבלה לא חוקי,
Invalid Transition,מעבר לא חוקי,
Invalid URL,כתובת אתר לא חוקית,
Invalid User Name or Support Password. Please rectify and try again.,שם משתמש או סיסמא לא חוקיים תמיכה. אנא לתקן ונסה שוב.,
Invalid Values,ערכים לא חוקיים,
Invalid Webhook Secret,סוד Webhook לא חוקי,
Invalid aggregate function,פונקציית צבירה לא חוקית,
Invalid column,עמודה לא חוקית,
Invalid docstatus,סטטוס מסמך לא חוקי,
Invalid expression set in filter {0},ביטוי לא חוקי הוגדר במסנן {0},
Invalid expression set in filter {0} ({1}),ביטוי לא חוקי הוגדר במסנן {0} ({1}),
Invalid field name {0},שם שדה לא חוקי {0},
Invalid fieldname '{0}' in autoname,שם שדה &#39;{0}&#39; לא חוקי בשם אוטומטי,
Invalid file path: {0},דרך לא חוקית קובץ: {0},
Invalid filter: {0},מסנן לא חוקי: {0},
Invalid include path,נתיב הכלול לא חוקי,
Invalid json added in the custom options: {0},Json לא חוקי נוסף באפשרויות המותאמות אישית: {0},
Invalid name type (integer) for varchar name column,סוג שם לא חוקי (מספר שלם) עבור עמודת שם varchar,
Invalid naming series {}: dot (.) missing,סדרת שמות לא חוקית {}: חסרה נקודה (.).,
Invalid or corrupted content for import,תוכן לא חוקי או פגום לייבוא,
Invalid redirect regex in row #{}: {},הפנייה רגולרית לא חוקית בשורה מס&#39; {}: {},
Invalid request arguments,טיעוני בקשה לא חוקיים,
Invalid template file for import,קובץ תבנית לא חוקי לייבוא,
Invalid token state! Check if the token has been created by the OAuth user.,מצב אסימון לא חוקי! בדוק אם האסימון נוצר על ידי משתמש OAuth.,
Invalid username or password,שם משתמש או סיסמה לא חוקיים,
Invalid values for fields:,ערכים לא חוקיים עבור שדות:,Error message in web form
Invalid wkhtmltopdf version,גרסת wkhtmltopdf לא חוקית,
Invalid {0} condition,מצב {0} לא חוקי,
Inverse,הפוך,
Invite as User,הזמן כמשתמש,
Is,האם,
Is Active,האם Active,
Is Attachments Folder,האם תיקיית קבצים מצורפים,
Is Calendar and Gantt,זה לוח שנה וגאנט,
Is Child Table,האם ילד של הטבלה,
Is Complete,הושלם,
Is Completed,הושלם,
Is Custom,האם מותאם אישית,
Is Custom Field,האם שדה מותאם אישית,
Is Default,האם ברירת מחדל,
Is Dynamic URL?,האם כתובת אתר דינמית?,
Is Folder,האם תיקייה,
Is Global,האם גלובלי,
Is Hidden,הוא מוסתר,
Is Home Folder,האם בית התיקייה,
Is Mandatory Field,האם שדה חובה,
Is Optional State,האם מדינה אופציונלית,
Is Primary,האם ראשוני,
Is Primary Contact,האם איש קשר ראשי,
Is Primary Mobile,האם נייד ראשי,
Is Primary Phone,הוא טלפון ראשוני,
Is Private,האם פרטי,
Is Public,האם ציבורי,
Is Published Field,שדה פורסם,
Is Published Field must be a valid fieldname,שדה שפורסם חייב להיות שם שדה חוקי,
Is Query Report,האם דוח שאילתה,
Is Remote Request?,האם בקשה מרחוק?,
Is Single,בודדת,
Is Skipped,מדלג,
Is Spam,האם ספאם,
Is Standard,האם תקן,
Is Submittable,האם Submittable,
Is System Generated,האם המערכת נוצרת,
Is Table,האם לוח,
Is Table Field,האם שדה שולחן,
Is Tree,האם עץ,
Is Unique,ייחודי,
Is Virtual,הוא וירטואלי,
It is risky to delete this file: {0}. Please contact your System Manager.,זה מסוכן כדי למחוק קובץ זה: {0}. אנא צור קשר עם מנהל המערכת שלך.,
Item Label,תווית פריט,
Item Type,סוג פריט,
Item cannot be added to its own descendants,פריט לא ניתן להוסיף לצאצאים משלו,
JS,Js,
JS Message,הודעת JS,
JSON,JSON,
JSON Request Body,גוף הבקשה של JSON,
Jane Doe,ג&#39;יין דו,
JavaScript,Javascript,
JavaScript Format: frappe.query_reports['REPORTNAME'] = {},פורמט JavaScript: frappe.query_reports ['את REPORTTYPE'] = {},
Javascript,Javascript,
Javascript is disabled on your browser,Javascript מושבת בדפדפן שלך,
Jinja,ג&#39;ינג&#39;ה,
Job ID,מזהה משרה,
Job Id,זיהוי עבודה,
Job Info,מידע על עבודה,
Job Name,שם עבודה,
Job Status,סטטוס עבודה,
Job Stopped Successfully,העבודה הופסקה בהצלחה,
Job is not running.,ג&#39;וב לא פועל.,
Join video conference with {0},הצטרף לוועידת וידאו עם {0},
Jump to field,קפיצה לשדה,
K,K,Number system
Kanban,קנבן,
Kanban Board,מועצת קנבן,
Kanban Board Column,טור לוח קנבן,
Kanban Board Name,שם לוח קנבן,
Kanban Settings,הגדרות Kanban,Button in kanban view menu
Kanban View,Kanban View,
Keep track of all update feeds,עקוב אחר כל עדכוני העדכונים,
Keeps track of all communications,עוקב אחר כל התקשורת,
Key,מפתח,
Keyboard Shortcuts,קיצורי דרך במקלדת,
Keycloak,גלימת מפתח,
Kh,Kh,Number system
Knowledge Base,בסיס ידע,
Knowledge Base Contributor,תורם מאגר הידע,
Knowledge Base Editor,עורך מאגר הידע,
L,L,Number system
LDAP Auth,אימות LDAP,
LDAP Custom Settings,הגדרות מותאמות אישית של LDAP,
LDAP Email Field,שדה דוא&quot;ל של LDAP,
LDAP First Name Field,שדה שם פרטי LDAP,
LDAP Group,קבוצת LDAP,
LDAP Group Field,שדה קבוצת LDAP,
LDAP Group Mapping,מיפוי קבוצות LDAP,
LDAP Group Mappings,מיפוי קבוצת LDAP,
LDAP Group Member attribute,תכונת חבר קבוצת LDAP,
LDAP Last Name Field,שדה שם משפחה LDAP,
LDAP Middle Name Field,שדה שם אמצעי LDAP,
LDAP Mobile Field,שדה LDAP לנייד,
LDAP Not Installed,LDAP לא הותקן,
LDAP Phone Field,שדה טלפון LDAP,
LDAP Search String,מחרוזת חיפוש LDAP,
"LDAP Search String must be enclosed in '()' and needs to contian the user placeholder {0}, eg sAMAccountName={0}","מחרוזת חיפוש LDAP חייבת להיות מוקפת ב-&#39;()&#39; וצריכה להכיל את מציין המיקום של המשתמש {0}, למשל sAMAccountName={0}",
LDAP Search and Paths,חיפוש ונתיבים של LDAP,
LDAP Security,אבטחת LDAP,
LDAP Server Settings,הגדרות שרת LDAP,
LDAP Server Url,כתובת URL של שרת LDAP,
LDAP Settings,הגדרות LDAP,
LDAP User Creation and Mapping,יצירת ומיפוי משתמשים ב- LDAP,
LDAP Username Field,שדה שם משתמש LDAP,
LDAP is not enabled.,LDAP אינו מופעל.,
LDAP search path for Groups,נתיב חיפוש LDAP עבור קבוצות,
LDAP search path for Users,נתיב חיפוש LDAP עבור משתמשים,
LDAP settings incorrect. validation response was: {0},הגדרות LDAP שגויות. תגובת האימות הייתה: {0},
Label,תווית,
Label Help,עזרה לייבל,
Label and Type,תווית וסוג,
Label is mandatory,תווית היא חובה,
Landing Page,דף נחיתה,
Landscape,נוף,
Language,שפה,
Language Code,קוד שפה,
Language Name,שם השפה,
Last,אחרון,
Last 10 active users,10 משתמשים פעילים אחרונים,
Last Active,פעילות אחרונה,
Last Backup On,הגיבוי האחרון מופעל,
Last Execution,ביצוע אחרון,
Last Heartbeat,פעימת לב אחרונה,
Last IP,IP האחרון,
Last Known Versions,גרסאות ידוע אחרונות,
Last Login,הביקור אחרון,
Last Modified Date,תאריך שינוי אחרון,
Last Modified On,שונה לאחרונה ב-,
Last Month,חודש שעבר,
Last Name,שם משפחה,
Last Password Reset Date,תאריך איפוס סיסמה אחרון,
Last Point Allocation Date,תאריך הקצאת נקודה אחרונה,
Last Quarter,רבע אחרון,
Last Reset Password Key Generated On,מפתח סיסמה לאיפוס אחרון שנוצר ב-,
Last Sync On,הסנכרון האחרון פועל,
Last Synced On,סונכרן לאחרונה,
Last Updated By,עדכון אחרון על ידי,
Last Updated On,עדכון אחרון ביום,
Last User,משתמש אחרון,
Last Week,שבוע שעבר,
Last Year,שנה שעברה,
Last synced {0},סונכרן לאחרונה {0},
Layout Reset,איפוס פריסה,
"Layout will be reset to standard layout, are you sure you want to do this?","הפריסה תאופס לפריסה סטנדרטית, האם אתה בטוח שברצונך לעשות זאת?",
Leaderboard,לוח תוצאות,
Learn more,למידע נוסף,
Leave blank to repeat always,שאר ריק כדי לחזור תמיד,
Leave this conversation,השאר את השיחה הזאת,
Ledger,פנקס,
Left,עזב,
Left Bottom,שמאל למטה,
Left Center,מרכז שמאל,
Left this conversation,עזב את השיחה הזאת,
Legal,משפטי,
Length,אורך,
Length of passed data array is greater than value of maximum allowed label points!,אורך מערך הנתונים שעבר גדול מהערך של נקודות התווית המקסימליות המותרות!,
Length of {0} should be between 1 and 1000,אורכו של {0} צריך להיות בין 1 ל -1000,
Less,פחות,
Less Than,פחות מ,
Less Than Or Equal To,פחות או שווה ל,
Let us continue with the onboarding,בואו נמשיך עם ההטמעה,
Let's Get Started,בוא נתחיל,
Let's avoid repeated words and characters,בואו להימנע מילות חוזרות ותווים,
Let's set up your account,בוא נגדיר את החשבון שלך,
Let's take you back to onboarding,בואו נחזיר אותך לסיפון,
Letter,מכתב,
Letter Head,מכתב ראש,
Letter Head Based On,ראש מכתב מבוסס על,
Letter Head Image,תמונה ראש מכתב,
Letter Head Name,שם מכתב הראש,
Letter Head Scripts,תסריטי ראש אותיות,
Letter Head cannot be both disabled and default,לא ניתן לבטל את כותרת האותיות ולברירת המחדל,
Letter Head in HTML,ראש המכתב ב- HTML,
Level,רמה,
"Level 0 is for document level permissions, higher levels for field level permissions.","רמה 0 היא עבור הרשאות ברמת המסמך, רמות גבוהות יותר עבור הרשאות ברמת השדה.",
Level Name,שם רמה,
Library,ספריה,
License,רישיון,
License Type,סוג רישיון,
Light,אור,
Light Blue,תכלת,
Light Color,צבע בהיר,
Light Theme,נושא קל,
Like,כמו,
Like limit,כמו גבול,
Like limit per hour,כמו מגבלה לשעה,
Like on {0}: {1},לייק ב-{0}: {1},
Liked,אהבתי,
Liked By,אהבתי ידי,
Liked by me,מצא חן בעיני,
Likes,אוהב,
Limit,להגביל,
Limit Number of DB Backups,הגבל את מספר הגיבויים של DB,
Line,קו,
Link,קישור,
Link Cards,כרטיסי קישור,
Link Count,ספירת קישורים,
Link Details,פרטי קישור,
Link DocType,DOCTYPE קישור,
Link Document Type,קישור סוג מסמך,
Link Expired,הקישור פג,
Link Field Results Limit,מגבלת תוצאות שדה קישור,
Link Fieldname,שם שדה קישור,
Link Filters,מסנני קישור,
Link Name,שם קישור,
Link Title,כותרת קישור,
Link To,קישור ל,
Link To in Row,קישור ל בשורה,
Link Type,סוג קישור,
Link Type in Row,הקלד קישור בשורה,
"Link for About Us Page is ""/about"".",הקישור לדף אודותינו הוא &quot;/about&quot;.,
"Link that is the website home page. Standard Links (home, login, products, blog, about, contact)","קישור שהוא דף הבית של האתר. קישורים סטנדרטיים (בית, כניסה, מוצרים, בלוג, אודות, יצירת קשר)",
Link to the page you want to open. Leave blank if you want to make it a group parent.,קישור לדף שברצונך לפתוח. שאר ריק אם אתה רוצה לעשות את זה הורה קבוצה.,
Linked,צמוד,
Linked Documents,מסמכים מקושרים,
Linked With,מקושר עם,
Linked with {0},מקושר עם {0},
Links,קישורים,
List,רשימה,
List / Search Settings,רשימה / הגדרות חיפוש,
List Columns,רשימת עמודות,
List Filter,מסנן רשימה,
List Settings,הגדרות רשימה,
List View,תצוגת רשימה,
List View Settings,הגדרות תצוגת רשימה,
List a document type,רשימת סוג מסמך,
"List as [{""label"": _(""Jobs""), ""route"":""jobs""}]","רשום כ- [{&quot;label&quot;: _ (&quot;Jobs&quot;), &quot;route&quot;: &quot;jobs&quot;}]",
List of patches executed,רשימה של תיקונים שבוצעה,
List setting message,הודעת הגדרת רשימה,
Lists,רשימות,
Load Balancing,איזון עומסים,
Load More,טען עוד,
Load More Communications,טען עוד תקשורת,Form timeline
Load more,טען עוד,
Loading,Loading,
Loading Filters...,טוען מסננים ...,
Loading import file...,טוען קובץ ייבוא ...,
Loading user profile,טוען פרופיל משתמש,
Loading versions...,טוען גרסאות...,
Loading...,Loading ...,
Location,מיקום,
Log,עץ,
Log Data,נתוני יומן,
Log DocType,Log DocType,
Log In To {0},התחבר אל {0},
Log Index,אינדקס יומן,
Log Setting User,משתמש הגדרת יומן,
Log Settings,הגדרות יומן,
Log in to access this page.,התחבר כדי לגשת לדף זה.,
Log out,התנתק,
Logged Out,התנתק,
Login,כניסה,
Login After,כניסה לאחר,
Login Before,כניסה לפני,
Login Failed please try again,הכניסה נכשלה אנא נסה שוב,
Login Id is required,זיהוי כניסה נדרש,
Login Methods,שיטות כניסה,
Login Page,עמוד התחברות,
Login To {0},התחבר אל {0},
Login Verification Code from {},קוד אימות התחברות מ- {},
Login and view in Browser,התחבר והצג בדפדפן,
Login is required to see web form list view. Enable {0} to see list settings,נדרשת התחברות כדי לראות תצוגת רשימת טופס אינטרנט. הפעל את {0} כדי לראות את הגדרות הרשימה,
Login link sent to your email,קישור כניסה נשלח למייל שלך,
Login not allowed at this time,התחברות לא מותר בשלב זה,
Login required,נדרשת התחברות,
"Login session expired, refresh page to retry","פג תוקף הכניסה, רענן את הדף כדי לנסות שוב",
Login to Frappe Cloud,התחבר אל Frappe Cloud,
Login to comment,התחברות להגיב,
Login to start a new discussion,התחבר כדי להתחיל דיון חדש,
Login to {0},היכנס אל {0},
Login token required,אסימון כניסה נדרש,
Login with Email Link,התחבר עם קישור דוא&quot;ל,
Login with LDAP,התחבר באמצעות LDAP,
Login with email link,התחבר עם קישור למייל,
Login with email link expiry (in minutes),התחבר עם תוקף הקישור למייל (בתוך דקות),
Login with username and password is not allowed.,כניסה עם שם משתמש וסיסמה אסורה.,
Login with {0},התחבר עם {0},
Logout,התנתקות,
Logout All Sessions,התנתק מכל הפעלות,
Logout All Sessions on Password Reset,התנתק מכל הפעילויות באתר באיפוס סיסמה,
Logout From All Devices After Changing Password,יציאה מכל המכשירים לאחר שינוי סיסמה,
Logs To Clear,יומנים לנקות,
Logs to Clear,יומנים לנקות,
Long Text,טקסט ארוך,
Looks like you didn't change the value,נראה שלא שינית את הערך,
Looks like you haven\u2019t received any notifications.,נראה שלא קיבלת הודעות.,
Looks like you haven’t added any third party apps.,נראה שלא הוספת אף אפליקציות של צד שלישי.,
Looks like you haven’t received any notifications.,נראה שלא קיבלת שום התראות.,
Loving Frappe Framework?,אוהבים את Frappe Framework?,
Low,נמוך,
M,חודשים,Number system
MIT License,רישיון MIT,
Madam,גברת,
Main Section,סעיף עיקרי,
Main Section (HTML),קטע ראשי (HTML),
Main Section (Markdown),קטע ראשי (סימון למטה),
Maintenance Manager,מנהל אחזקה,
Maintenance User,משתמש תחזוקה,
Major,רב סרן,
"Make ""name"" searchable in Global Search",הפוך את החיפוש &quot;שם&quot; לחיפוש גלובלי,
Make Attachment Public (by default),הפוך את הקובץ המצורף לציבורי (כברירת מחדל),
Make Attachments Public by Default,הפוך קבצים מצורפים לציבוריים כברירת מחדל,
Make sure to configure a Social Login Key before disabling to prevent lockout,הקפד להגדיר מפתח כניסה חברתי לפני השבתה כדי למנוע נעילה,
Make use of longer keyboard patterns,תוכלו לעשות שימוש ברצפי מקלדת עוד,
Make {0},הפוך את {0},
Makes the page public,הופך את הדף לציבורי,
Male,זכר,
Manage third party apps,נהל אפליקציות של צד שלישי,
Manage your apps,נהל את האפליקציות שלך,
Mandatory,חובה,
Mandatory Depends On,חובה תלוי,
Mandatory Depends On (JS),חובה תלוי ב (JS),
Mandatory Information missing:,חסר מידע חובה:,
Mandatory field: set role for,שדה חובה: הגדר תפקיד עבור,
Mandatory field: {0},שדה חובה: {0},
"Mandatory fields required in table {0}, Row {1}","שדות חובה חובה בטבלה {0}, שורה {1}",
Mandatory fields required in {0},שדות חובה הנדרשים {0},
Mandatory fields required:,שדות חובה נדרשים:,Error message in web form
Mandatory:,חובה:,
Map,מפה,
Map Columns,עמודות מפה,
Map View,תצוגת מפה,
Map columns from {0} to fields in {1},מיפוי עמודות מ- {0} לשדות ב- {1},
Map route parameters into form variables. Example <code>/project/&lt;name&gt;</code>,ממפה פרמטרים של מסלול למשתני טופס. דוגמה <code>/project/&lt;name&gt;</code>,
Mapping column {0} to field {1},מיפוי עמודה {0} לשדה {1},
Margin Bottom,שוליים תחתון,
Margin Left,שוליים שמאלה,
Margin Right,שוליים ימין,
Margin Top,שוליים למעלה,
MariaDB Variables,משתני MariaDB,
Mark all as read,סמן הכל כנקראו,
Mark as Read,סמן כנקרא,
Mark as Spam,סמן כספאם,
Mark as Unread,סמן כלא נקרא,
Markdown,Markdown,
Markdown Editor,עורך Markdown,
Marked As Spam,סומן כדואר זבל,
Marketing Campaign,קמפיין שיווקי,
Master,לשלוט,
Max 500 records at a time,מקס 500 רשום בכל פעם,
Max Attachments,קבצים מצורפים מקס,
Max File Size (MB),גודל קובץ מקסימלי (MB),
Max Height,גובה מקסימלי,
Max Length,אורך מקסימלי,
Max Value,ערך מקסימלי,
Max attachment size,גודל מקסימלי של קובץ מצורף,
Max auto email report per user,מקסימום דוח דוא&quot;ל אוטומטי לכל משתמש,
Max width for type Currency is 100px in row {0},רוחב מרבי למטבע סוג הוא 100px בשורת {0},
Maximum,מקסימום,
Maximum Attachment Limit of {0} has been reached for {1} {2}.,הגעת למגבלה המקסימלית של קבצים מצורפים של {0} עבור {1} {2}.,
Maximum Number of Fields,מספר שדות מרבי,
Maximum Points,נקודות מקסימום,
Maximum attachment limit of {0} has been reached.,הגעת למגבלה המקסימלית של קבצים מצורפים של {0}.,
"Maximum points allowed after multiplying points with the multiplier value
(Note: For no limit leave this field empty or set 0)","מקסימום נקודות מותרות לאחר הכפלת נקודות עם ערך המכפיל
(הערה: ללא הגבלה השאר שדה זה ריק או הגדר 0)",
Maximum {0} rows allowed,{0} שורות המרביות מוותרות,
Me,לי,
"Meaning of Submit, Cancel, Amend","משמעות של הגשה, לבטל, לשנות",
Medium,בינוני,
Meeting,פגישה,
Meets Condition?,עומד בתנאי?,
Memory Usage,שימוש בזיכרון,
Mention,אזכור,
Mentions,אזכורים,
Menu,תפריט,
Merge with existing,מיזוג עם קיים,
Merging is only possible between Group-to-Group or Leaf Node-to-Leaf Node,המיזוג אפשרי רק בין קבוצה לקבוצה או ליף צומת לעלה צומת,
Message,הודעה,
Message (HTML),הודעה (HTML),
Message (Markdown),הודעה (סימון למטה),
Message Examples,דוגמאות הודעה,
Message ID,מזהה הודעה,
Message Parameter,פרמטר הודעה,
Message Sent,הודעה נשלחה,
Message Type,סוג הודעה,
Message clipped,ההודעה נחתכה,
Message from server: {0},הודעה מהשרת: {0},
Message not setup,ההודעה לא הוגדרה,
Message to be displayed on successful completion,הודעה שתוצג בסיום מוצלח,
Message-id,מזהה הודעה,
Messages,הודעות,
Meta,מטא,
Meta Description,תיאור מטא,
Meta Image,תמונה מטא,
Meta Tags,מטא תגים,
Meta Title,מטא כותרת,
Meta description,מטא תיאור,
Meta image,מטא תמונה,
Meta title,מטא כותרת,
Meta title for SEO,כותרת מטא ל- SEO,
Method,שיטה,
Method Not Allowed,שיטה לא מותרת,
Method is required to create a number card,נדרשת שיטה ליצירת כרטיס מספר,
Mid Center,מרכז אמצע,
Middle Name,שם אמצעי,
Milestone,אבן דרך,
Milestone Tracker,מעקב אחר אבן דרך,
Minimum,מינימום,
Minimum Password Score,ציון סיסמא מינימלי,
Minor,קטין,
Misconfigured,תצורה שגויה,
Miss,עלמה,
Missing DocType,חסר DocType,
Missing Field,שדה חסר,
Missing Fields,חסר שדות,
Missing Filters Required,מסננים חסרים נדרשים,
Missing Permission,הרשאה חסרה,
Missing Value,ערך חסר,
Missing Values Required,חסרים ערכי חובה,
Mobile,נייד,
Mobile No,נייד לא,
Modal Trigger,טריגר מודאלי,
Modified By,שונה על ידי,
Module,מודול,
Module (for export),מודול (ליצוא),
Module Def,מודול Def,
Module HTML,מודול HTML,
Module Name,שם מודול,
Module Onboarding,מודול על סיפון,
Module Profile,פרופיל מודול,
Module Profile Name,שם פרופיל מודול,
Module onboarding progress reset,איפוס התקדמות הכניסה של המודול,
Module to Export,מודול לייצוא,
Module {} not found,מודול {} לא נמצא,
Modules,מודולים,
Modules HTML,מודולים HTML,
Monday,יום שני,
Monospace,Monospace,
Month,חודש,
Monthly,חודשי,
Monthly Long,ארוך חודשי,
Monthly Rank,דירוג חודשי,
More,יותר,
More Information,מידע נוסף,
More articles on {0},מאמרים נוספים בנושא {0},
More content for the bottom of the page.,תוכן נוסף לתחתית הדף.,
Most Used,הכי משומש,
Most probably your password is too long.,כנראה שהסיסמה שלך ארוכה מדי.,
Move,מהלך,
Move To,לעבור ל,
Move To Trash,העבר לאשפה,
Move current and all subsequent sections to a new tab,העבר את הסעיפים הנוכחיים ואת כל הסעיפים הבאים לכרטיסייה חדשה,
Move cursor to above row,הזז את הסמן לשורה למעלה,
Move cursor to below row,הזז את הסמן לשורה מתחת,
Move cursor to next column,העבר את הסמן לעמודה הבאה,
Move cursor to previous column,העבר את הסמן לעמודה הקודמת,
Move sections to new tab,העבר קטעים לכרטיסייה חדשה,
Move the current field and the following fields to a new column,העבר את השדה הנוכחי ואת השדות הבאים לעמודה חדשה,
Move to Row Number,עבור למספר שורה,
Move to next step when clicked inside highlighted area.,עבור לשלב הבא לאחר לחיצה בתוך האזור המודגש.,
Mozilla doesn't support :has() so you can pass parent selector here as workaround,Mozilla לא תומכת ב-:has() כך שתוכל להעביר כאן את בורר הורים כדרך לעקיפת הבעיה,
Mr,מר,r
Mrs,גברת,
Ms,גב ',s
Multiple root nodes not allowed.,צמתים שורש מרובים אסורים.,
Multiplier Field,שדה מכפיל,
Must be a publicly accessible Google Sheets URL,חייב להיות כתובת אתר של Google Sheets נגישה לציבור,
"Must be enclosed in '()' and include '{0}', which is a placeholder for the user/login name. i.e. (&(objectclass=user)(uid={0}))","חייב להיות מוקף ב-&#39;()&#39; ולכלול את &#39;{0}&#39;, שהוא מציין מיקום עבור שם המשתמש/הכניסה. כלומר (&amp;(objectclass=user)(uid={0}))",
"Must be of type ""Attach Image""",חייב להיות מסוג &quot;צרף תמונה&quot;,
Must have report permission to access this report.,"חייבים לקבל אישור דו""ח לגשת דוח זה.",
Must specify a Query to run,חייב לציין שאילתה לרוץ,
Mute Sounds,צלילים אילמים,
Mx,מקס,x
My Account,החשבון שלי,
My Device,המכשיר שלי,
My Profile,הפרופיל שלי,
My Settings,ההגדרות שלי,
MyISAM,MyISAM,
"NOTE: If you add states or transitions in the table, it will be reflected in the Workflow Builder but you will have to position them manually. Also Workflow Builder is currently in <b>BETA</b>.","הערה: אם תוסיף מצבים או מעברים בטבלה, זה יבוא לידי ביטוי ב-Workflow Builder אך יהיה עליך למקם אותם באופן ידני. כמו כן, Workflow Builder נמצא כעת ב- <b>BETA</b> .",
NOTE: This box is due for depreciation. Please re-setup LDAP to work with the newer settings,הערה: תיבה זו מיועדת לפחת. אנא הגדר מחדש את LDAP כך שיעבוד עם ההגדרות החדשות יותר,
Name,שם,
Name (Doc Name),שם (שם מסמך),
"Name already taken, please set a new name","השם כבר נלקח, נא להגדיר שם חדש",
Name cannot contain special characters like {0},שם אינו יכול להכיל תווים מיוחדים כמו {0},
Name of the Document Type (DocType) you want this field to be linked to. e.g. Customer,שמו של סוג המסמך (DOCTYPE) אתה רוצה בשדה זה כדי להיות מקושר ל. למשל לקוחות,
Name of the new Print Format,שמו של פורמט ההדפסה החדש,
Name of {0} cannot be {1},שם {0} אינו יכול להיות {1},
Names and surnames by themselves are easy to guess.,שמות ושמות משפחה בעצמם קלים לניחוש.,
Naming,שמות,
"Naming Options:
<ol><li><b>field:[fieldname]</b> - By Field</li><li><b>autoincrement</b> - Uses Databases' Auto Increment feature</li><li><b>naming_series:</b> - By Naming Series (field called naming_series must be present)</li><li><b>Prompt</b> - Prompt user for a name</li><li><b>[series]</b> - Series by prefix (separated by a dot); for example PRE.#####</li>
<li><b>format:EXAMPLE-{MM}morewords{fieldname1}-{fieldname2}-{#####}</b> - Replace all braced words (fieldnames, date words (DD, MM, YY), series) with their value. Outside braces, any characters can be used.</li></ol>","אפשרויות מתן שמות:
<ol style="";text-align:right;direction:rtl""><li style="";text-align:right;direction:rtl""> <b>field:[fieldname]</b> - לפי שדה</li><li style="";text-align:right;direction:rtl""> <b>autoincrement</b> - משתמש בתכונה Autoincrement של מסדי נתונים</li><li style="";text-align:right;direction:rtl""> <b>שמות_סדרה:</b> - לפי סדרת שמות (שדה שנקרא שמות_סדרה חייב להיות קיים)</li><li style="";text-align:right;direction:rtl""> <b>הנחיה</b> - בקש מהמשתמש שם</li><li style="";text-align:right;direction:rtl""> <b>[סדרה]</b> - סדרה לפי קידומת (מופרדת בנקודה); למשל PRE.#####</li> 
<li style="";text-align:right;direction:rtl""> <b>format:EXAMPLE-{MM}עוד מילים{fieldname1}-{fieldname2}-{#####}</b> - החלף את כל המילים המסוגרות (שמות שדות, מילות תאריך (DD, MM, YY), סדרה) בערך שלהן. פלטה חיצונית, ניתן להשתמש בכל התווים.</li></ol>",
"Naming Options:
<ol><li><b>field:[fieldname]</b> - By Field</li><li><b>naming_series:</b> - By Naming Series (field called naming_series must be present)</li><li><b>Prompt</b> - Prompt user for a name</li><li><b>[series]</b> - Series by prefix (separated by a dot); for example PRE.#####</li>
<li><b>format:EXAMPLE-{MM}morewords{fieldname1}-{fieldname2}-{#####}</b> - Replace all braced words (fieldnames, date words (DD, MM, YY), series) with their value. Outside braces, any characters can be used.</li></ol>","אפשרויות מתן שמות:
<ol style="";text-align:right;direction:rtl""><li style="";text-align:right;direction:rtl""> <b>field:[fieldname]</b> - לפי שדה</li><li style="";text-align:right;direction:rtl""> <b>שמות_סדרה:</b> - לפי סדרת שמות (שדה שנקרא שמות_סדרה חייב להיות קיים)</li><li style="";text-align:right;direction:rtl""> <b>הנחיה</b> - בקש מהמשתמש שם</li><li style="";text-align:right;direction:rtl""> <b>[סדרה]</b> - סדרה לפי קידומת (מופרדת בנקודה); למשל PRE.#####</li> 
<li style="";text-align:right;direction:rtl""> <b>format:EXAMPLE-{MM}עוד מילים{fieldname1}-{fieldname2}-{#####}</b> - החלף את כל המילים המסוגרות (שמות שדות, מילות תאריך (DD, MM, YY), סדרה) בערך שלהן. פלטה חיצונית, ניתן להשתמש בכל התווים.</li></ol>",
Naming Rule,כלל מתן שמות,
Naming Series,סדרת שמות,
Naming Series mandatory,שמות סדרת חובה,
Navbar,Navbar,
Navbar Item,פריט Navbar,
Navbar Settings,הגדרות Navbar,
Navbar Template,תבנית Navbar,
Navbar Template Values,ערכי תבנית Navbar,
Navigate Home,נווט הביתה,
Navigate list down,נווט ברשימה למטה,Description of a list view shortcut
Navigate list up,נווט ברשימה למעלה,Description of a list view shortcut
Navigate to main content,נווט לתוכן הראשי,
Navigation Settings,הגדרות ניווט,
Need Workspace Manager role to edit private workspace of other users,צריך תפקיד מנהל סביבת עבודה כדי לערוך סביבת עבודה פרטית של משתמשים אחרים,
Need Workspace Manager role to hide/unhide public workspaces,צריך תפקיד של מנהל סביבת עבודה כדי להסתיר/להסתיר סביבות עבודה ציבוריות,
Negative Value,ערך שלילי,
Nested set error. Please contact the Administrator.,שגיאת סט מקוננת. נא לפנות למנהל.,
Network Printer Settings,הגדרות מדפסת רשת,
New,חדש,
New Activity,פעילות חדשה,
New Address,כתובת חדשה,
New Chart,תרשים חדש,
New Comment on {0}: {1},תגובה חדשה על {0}: {1},
New Contact,איש קשר חדש,
New Custom Print Format,פורמט הדפסה מותאמת אישית חדש,
New Document Form,טופס מסמך חדש,
New Document Shared {0},מסמך חדש משותף {0},
New Email,מייל חדש,
New Email Account,חשבון דוא&quot;ל חדש,
New Event,אירוע חדש,
New Folder,תיקיה חדשה,
New Kanban Board,מועצת קנבן חדשה,
New Mention on {0},אזכור חדש ב- {0},
New Message from Website Contact Page,הודעה חדשה מדף יצירת הקשר באתר,
New Name,שם חדש,
New Newsletter,ניו ניוזלטר,
New Notification,הודעה חדשה,
New Number Card,כרטיס מספר חדש,
New Password,סיסמא חדשה,
New Print Format Name,שם פורמט הדפסה חדש,
New Report name,שם דוח חדש,
New Shortcut,קיצור דרך חדש,
New Users (Last 30 days),משתמשים חדשים (30 הימים האחרונים),
New Value,ערך חדש,
New Workflow Name,שם זרימת עבודה חדשה,
New Workspace,סביבת עבודה חדשה,
New password cannot be same as old password,סיסמה חדשה לא יכולה להיות זהה לסיסמה ישנה,
New updates are available,עדכונים חדשים זמינים,
New users will have to be manually registered by system managers.,משתמשים חדשים יצטרכו להירשם ידנית על ידי מנהלי מערכת.,
New value to be set,ערך חדש שיוקם,
New {0},יצירת {0},
New {0} Created,{0} נוצר/ה,
New {0} {1} added to Dashboard {2},חדש {0} {1} נוסף למרכז השליטה {2},
New {0} {1} created,{0} {1} נוצר/ה,
New {0}: {1},חדש {0}: {1},
New {} releases for the following apps are available,גרסאות חדשות של {} לאפליקציות הבאות זמינות,
Newly created user {0} has no roles enabled.,למשתמש החדש שנוצר {0} אין תפקידים מופעלים.,
Newsletter,ניוזלטר,
Newsletter Attachment,מצורף לניוזלטר,
Newsletter Email Group,קבוצת דוא&quot;ל לניוזלטר,
Newsletter Manager,מנהל ניוזלטר,
Newsletter has already been sent,ניוזלטר כבר נשלח,
Newsletter must be published to send webview link in email,יש לפרסם ניוזלטר כדי לשלוח קישור לצפייה באינטרנט בדוא&quot;ל,
Newsletter should have atleast one recipient,הניוזלטר צריך לכלול לפחות מקבל אחד,
Newsletters,ידיעונים,
Next,הבא,
Next Action Email Template,תבנית דוא&quot;ל לפעולה הבאה,
Next Actions HTML,הפעולות הבאות HTML,
Next Document,המסמך הבא,
Next Execution,ההוצאה להורג הבאה,
Next Form Tour,סיור טפסים הבא,
Next Schedule Date,תאריך לוח הזמנים הבא,
Next Scheduled Date,התאריך המתוזמן הבא,
Next State,המדינה הבאה,
Next Step Condition,מצב השלב הבא,
Next Sync Token,אסימון הסנכרון הבא,
Next actions,הפעולות הבאה,
Next on Click,הבא ב- Click,
No,לא,
No Active Sessions,אין פעילויות פעילויות,
No Copy,לא העתק,
No Data,אין נתונים,
No Data to Show,אין נתונים להצגה,
No Data...,אין נתונים...,
No Email Account,אין חשבון דוא&quot;ל,
No Email Accounts Assigned,לא הוקצו חשבונות דוא&quot;ל,
No Emails,אין אימיילים,
No Entry for the User {0} found within LDAP!,לא נמצא ערך עבור המשתמש {0} ב- LDAP!,
No Filters Set,אין מסננים מוגדרים,
No Google Calendar Event to sync.,אין אירוע ליומן Google לסינכרון.,
No Images,אין תמונות,
No Items Found,לא נמצאו פריטים,
No LDAP User found for email: {0},לא נמצא משתמש LDAP לדוא&quot;ל: {0},
No Label,אין תווית,
No Letterhead,ללא נייר מכתבים,
No Name Specified for {0},לא צוין שם עבור {0},
No New notifications,אין התראות חדשות,
No Permissions Specified,לא צוינו הרשאות,
No Permissions set for this criteria.,אין הרשאות שנקבעו לזה קריטריונים.,
No Permitted Charts,אין תרשימים מותרים,
No Permitted Charts on this Dashboard,אין תרשימים מותרים במרכז השליטה הזה,
No Preview,אין תצוגה מקדימה,
No Preview Available,אין תצוגה מקדימה זמינה,
No Printer is Available.,אין מדפסת זמינה.,
No RQ Workers connected. Try restarting the bench.,אין עובדי RQ מחוברים. נסה להפעיל מחדש את הספסל.,
No Results,אין תוצאות,
No Results found,לא נמצאו תוצאות,
No Roles Specified,לא צוינו תפקידים,
No Select Field Found,לא נמצא שדה בחר,
No Suggestions,אין הצעות,
No Tags,ללא תגים,
No Upcoming Events,אין אירועים קרובים,
No activities to show,אין פעילויות להראות,
No address added yet.,אין כתובת הוסיפה עדיין.,
No alerts for today,אין התראות להיום,
No automatic optimization suggestions available.,אין הצעות אופטימיזציה אוטומטיות זמינות.,
No broken links found in the email content,לא נמצאו קישורים שבורים בתוכן האימייל,
No changes in document,אין שינויים במסמך,
No changes made because old and new name are the same.,לא בוצעו שינויים כי השם הישן והחדש זהים.,
No changes made on the page,לא בוצעו שינויים בעמוד,
No changes to sync,אין שינויים לסנכרון,
No changes to update,אין שינויים לעדכן,
No comments yet,עדיין אין תגובות,
No contacts added yet.,אין אנשי קשר הוסיפו עדיין.,
No contacts linked to document,אין אנשי קשר המקושרים למסמך,
No data to export,אין נתונים לייצוא,
No default Address Template found. Please create a new one from Setup > Printing and Branding > Address Template.,לא נמצאה תבנית ברירת מחדל לכתובת. אנא צור אחד חדש מהתקנה&gt; הדפסה ומיתוג&gt; תבנית כתובת.,
No documents found tagged with {0},לא נמצאו מסמכים שתויגו עם {0},
No email account associated with the User. Please add an account under User > Email Inbox.,אין חשבון דוא&quot;ל המשויך למשתמש. אנא הוסף חשבון תחת משתמש&gt; דואר נכנס בדוא&quot;ל.,
No failed logs,אין יומנים נכשלים,
"No fields found that can be used as a Kanban Column. Use the Customize Form to add a Custom Field of type ""Select"".",לא נמצאו שדות שיכולים לשמש כעמודת קנבן. השתמש בטופס התאמה אישית כדי להוסיף שדה מותאם אישית מסוג &quot;בחר&quot;.,
No file attached,אין קובץ המצורף,
No filters found,לא נמצאו פילטרים,
No filters selected,לא נבחרו מסננים,
No further records,לא רשומות נוסף,
No matching records. Search something new,אין רשומות תואמות. חפש משהו חדש,
No more items to display,אין עוד פריטים להצגה,
"No need for symbols, digits, or uppercase letters.","אין צורך סימנים, ספרות, או אותיות רישיות.",
No new Google Contacts synced.,לא סונכרן אנשי קשר חדשים של Google.,
No new notifications,אין הודעות חדשות,
No of Columns,לא של עמודות,
No of Rows (Max 500),מספר שורות (מקסימום 500),
No permission for {0},אין הרשאה {0},
No permission to '{0}' {1},אין הרשאות ל&#39;{0} &#39;{1},
No permission to read {0},אין הרשאות לקריאת {0},
No permission to {0} {1} {2},אין הרשאות {0} {1} {2},
No records deleted,לא נמחקו רשומות,
No records present in {0},אין רשומות ב- {0},
No records tagged.,לא רשומות מתויג.,
No records will be exported,לא ייצאו רשומות,
No template found at path: {0},אין תבנית נמצאה בנתיב: {0},
No values to show,אין ערכים להראות,
No {0},לא {0},
No {0} Found,לא נמצאו {0},
No {0} found,לא {0} מצא,
No {0} found with matching filters. Clear filters to see all {0}.,לא נמצאו {0} עם מסננים תואמים. נקה מסננים כדי לראות את כל {0}.,
No {0} mail,אין דואר {0},
No.,לא.,Title of the 'row number' column
Non Negative,לא שלילי,
Non-Conforming,לא תואם,
None,אף אחד,
None: End of Workflow,אין: סוף זרימת העבודה,
Normalized Copies,עותקים מנורמלים,
Normalized Query,שאילתה מנורמלת,
Not Allowed,לא מחמד,
Not Allowed: Disabled User,אסור: משתמש מושבת,
Not Ancestors Of,לא אבותיו של,
Not Descendants Of,לא צאצאי,
Not Equals,לא שווה,
Not Found,לא נמצא,
Not Helpful,לא מועיל,
Not In,לא ב,
Not Like,לא כמו,
Not Linked to any record,לא מקושר לשום שיא,
Not Permitted,לא מורשה,
Not Permitted to read {0},לא מורשה לקרוא את {0},
Not Published,לא פורסם,
Not Saved,לא נשמר,
Not Seen,לא נראה,
Not Sent,לא נשלח,
Not Set,לא הוגדר,Field value is not set
Not a valid Comma Separated Value (CSV File),לא ערך פסיק תקף פרוד (קובץ CSV),
Not a valid User Image.,לא תמונת משתמש חוקית.,
Not a valid Workflow Action,לא פעולת זרימת עבודה חוקית,
Not a valid user,לא משתמש חוקי,
Not active,לא פעיל,
Not allowed for {0}: {1},אסור ל {0}: {1},
"Not allowed to attach {0} document, please enable Allow Print For {0} in Print Settings","אסור לצרף מסמך {0}, הפעל את האפשרות אפשר הדפסה עבור {0} בהגדרות ההדפסה",
Not allowed to create custom Virtual DocType.,לא מורשה ליצור Virtual DocType מותאם אישית.,
Not allowed to print cancelled documents,אסור להדפיס מסמכים בוטלו,
Not allowed to print draft documents,אסור להדפיס מסמכי טיוטה,
Not allowed via controller permission check,אסור באמצעות בדיקת הרשאות בקר,
Not found,לא נמצא,
Not in Developer Mode,לא במצב מפתח,
Not in Developer Mode! Set in site_config.json or make 'Custom' DocType.,לא במצב מפתח! נקבע בsite_config.json או לעשות DOCTYPE 'המותאם אישית'.,
Not permitted,לא מורשה,
Not permitted to view {0},אסור להציג את {0},
Note,הערה,
Note Seen By,הערה שנראתה על ידי,
Note:,הערה:,
Note: By default emails for failed backups are sent.,הערה: כברירת מחדל נשלחים דוא&quot;ל עבור גיבויים כושלים.,
Note: Changing the Page Name will break previous URL to this page.,הערה: שינוי שם הדף ישבור את כתובת האתר הקודמת לדף זה.,
Note: Etc timezones have their signs reversed.,הערה: באזורי זמן וכו&#39; הסימנים שלהם הפוכים.,
"Note: For best results,  images must be of the same size and width must be greater than height.","הערה: לקבלת התוצאות הטובות ביותר, תמונות צריכות להיות באותו הגודל ורוחבן צריך להיות גדול מגובהן.",
Note: Multiple sessions will be allowed in case of mobile device,הערה: מספר הפעלות תתאפשר במקרה של מכשיר נייד,
Note: This will be shared with user.,הערה: זה ישותף עם המשתמש.,
Note: Your request for account deletion will be fulfilled within {0} hours.,הערה: בקשתך למחיקת החשבון תתמלא בתוך {0} שעות.,
Notes:,הערות:,
Nothing New,שום דבר חדש,
Nothing left to redo,לא נשאר מה לעשות מחדש,
Nothing left to undo,לא נותר מה לבטל,
Nothing to show,מה להראות,
Nothing to update,אין מה לעדכן,
Notification,הודעה,
Notification Log,יומן התראות,
Notification Recipient,מקבל הודעה,
Notification Settings,הגדרות התראה,
Notification Subscribed Document,מסמך רשום להודעות,
Notification sent to,הודעה נשלחה אל,
Notifications,התראות,
Notifications Disabled,התראות מושבתות,
Notifications and bulk mails will be sent from this outgoing server.,הודעות ומיילים בתפוצה רחבה תישלחנה מהשרת דואר יוצא זה.,
Notify Users On Every Login,הודע למשתמשים בכל כניסה,
Notify by Email,הודע בדוא&quot;ל,
Notify by email,להודיע באמצעות דוא&quot;ל,
Notify if unreplied,נא להודיע אם unreplied,
Notify if unreplied for (in mins),נא להודיע אם unreplied ל( בדקות),
Notify users with a popup when they log in,הודע למשתמשים באמצעות קופץ כאשר הם נכנסים,
Now,עכשיו,
Number,מספר,
Number Card,כרטיס מספר,
Number Card Link,קישור לכרטיס מספר,
Number Card Name,שם כרטיס מספר,
Number Cards,כרטיסי מספר,
Number Format,פורמט המספר,
Number of Backups,מספר הגיבויים,
Number of DB Backups,מספר הגיבויים של DB,
Number of DB backups cannot be less than 1,מספר הגיבויים של DB לא יכול להיות קטן מ- 1,
Number of Groups,מספר הקבוצות,
Number of Queries,מספר שאילתות,
"Number of attachment fields are more than {}, limit updated to {}.","מספר השדות המצורפים הוא יותר מ-{}, המגבלה עודכנה ל-{}.",
Number of backups must be greater than zero.,מספר הגיבויים חייב להיות גדול מאפס.,
Number of columns for a field in a Grid (Total Columns in a grid should be less than 11),מספר העמודות עבור שדה ברשת (סה&quot;כ העמודות ברשת צריכות להיות פחות מ -11),
Number of columns for a field in a List View or a Grid (Total Columns should be less than 11),מספר העמודות עבור שדה בתצוגת רשימה או רשת (סה&quot;כ העמודות צריכות להיות פחות מ -11),
Number of days after which the document Web View link shared on email will be expired,מספר הימים שאחריהם יפוג תוקף הקישור לתצוגת אינטרנט של המסמך ששותף באימייל,
Number of keys,מספר מפתחות,
Number of onsite backups,מספר גיבויים באתר,
OAuth,OAuth,
OAuth Authorization Code,קוד אישור OAuth,
OAuth Bearer Token,אסימון נושא OAuth,
OAuth Client,לקוח OAuth,
OAuth Client ID,מזהה לקוח של OAuth,
OAuth Client Role,תפקיד לקוח OAuth,
OAuth Error,שגיאת OAuth,
OAuth Provider Settings,הגדרות ספק OAuth,
OAuth Scope,היקף OAuth,
"OAuth has been enabled but not authorised. Please use ""Authorise API Access"" button to do the same.",OAuth הופעל אך לא אושר. אנא השתמש בלחצן &quot;אשר גישה ל-API&quot; כדי לעשות את אותו הדבר.,
OK,בסדר,
OPTIONS,אפשרויות,
OR,או,
OTP App,אפליקציית OTP,
OTP Issuer Name,שם מנפיק OTP,
OTP Secret Reset - {0},איפוס סודי של OTP - {0},
OTP Secret has been reset. Re-registration will be required on next login.,סוד ה- OTP אופס. יידרש רישום מחדש בכניסה הבאה.,
OTP setup using OTP App was not completed. Please contact Administrator.,התקנת OTP באמצעות אפליקציית OTP לא הושלמה. אנא צרו קשר עם מנהל המערכת.,
Occurrences,התרחשויות,
Off,כבוי,
Office,משרד,
Office 365,משרד 365,
Official Documentation,תיעוד רשמי,
Offset X,היסט X,
Offset Y,קיזוז Y,
Old Password,סיסמא הישנה,
Old and new fieldnames are same.,שמות שדה ישנים וחדשים זהים.,
Older backups will be automatically deleted,גיבויים ישנים יותר יימחקו אוטומטית,
Oldest Unscheduled Job,העבודה הלא מתוכננת הוותיקה ביותר,
On Hold,בהמתנה,
On Payment Authorization,על אישור תשלום,
"On checking this option, URL will be treated like a jinja template string","לאחר סימון אפשרות זו, כתובת האתר תטופל כמו מחרוזת תבנית ג&#39;ינג&#39;ה",
On or After,על או אחרי,
On or Before,על או לפני,
"On {0}, {1} wrote:","על {0}, {1} כתב:",
Onboard,על הסיפון,
Onboarding Name,שם הצטרפות,
Onboarding Permission,אישור עלייה למטוס,
Onboarding Status,סטטוס הצטרפות,
Onboarding Step,שלב העלייה למטוס,
Onboarding Step Map,מפת שלב עלייה למטוס,
Onboarding complete,ההטמעה הושלמה,
"Once submitted, submittable documents cannot be changed. They can only be Cancelled and Amended.","לאחר הגשתם, לא ניתן לשנות מסמכים המוגשים. ניתן לבטל ולשנות אותם רק.",
"Once you have set this, the users will only be able access documents (eg. Blog Post) where the link exists (eg. Blogger).","ברגע שיש לך להגדיר את זה, המשתמשים יהיו רק מסמכי גישה מסוגלים (לדוגמא. בלוג פוסט) שבו הקישור קיים (לדוגמא. Blogger).",
One Last Step,שלב אחרון אחד,
One Time Password (OTP) Registration Code from {},קוד רישום לסיסמה חד פעמית (OTP) מאת {},
One of,אחד מ,
One of the child page with name {0} already exist in {1} Section. Please update the name of the child page first before moving,אחד מדפי הצאצא עם השם {0} כבר קיים בקטע {1}. אנא עדכן את שם דף הילד לפני המעבר,
Only 200 inserts allowed in one request,רק 200 הוספות מותרות בבקשה אחת,
Only Administrator can delete Email Queue,מנהל רק יכול למחוק דוא&quot;ל תור,
Only Administrator can edit,מנהל רק יכול לערוך,
Only Administrator can save a standard report. Please rename and save.,"רק מנהל מערכת יכולה להציל את דו""ח סטנדרטי. אנא שנה את השם ולשמור.",
Only Administrator is allowed to use Recorder,רק מנהל מערכת רשאי להשתמש במקליט,
Only Allow Edit For,אפשר לערוך רק ל,
Only Options allowed for Data field are:,רק האפשרויות המותרות בשדה נתונים הן:,
Only Send Records Updated in Last X Hours,שלח רק רשומות שעודכנו ב- X שעות האחרונות,
Only Workspace Manager can edit public workspaces,רק מנהל סביבת העבודה יכול לערוך סביבות עבודה ציבוריות,
Only Workspace Manager can sort or edit this page,רק מנהל סביבת העבודה יכול למיין או לערוך דף זה,
Only allowed to export customizations in developer mode,מותר לייצא התאמות אישיות רק במצב מפתח,
Only change this if you want to use other S3 compatible object storage backends.,שנה זאת רק אם ברצונך להשתמש בקצה אחורי אחר לאחסון אובייקטים תואמי S3.,
Only for,רק עבור,
Only mandatory fields are necessary for new records. You can delete non-mandatory columns if you wish.,"רק שדות חובה נחוצים לשיאים חדשים. אתה יכול למחוק את העמודות שאינן חובה, אם תרצה.",
Only one {0} can be set as primary.,ניתן להגדיר רק {0} אחד כראשוני.,
Only reports of type Report Builder can be deleted,ניתן למחוק רק דוחות מסוג בונה דוחות,
Only reports of type Report Builder can be edited,ניתן לערוך רק דוחות מסוג בונה דוחות,
Only standard DocTypes are allowed to be customized from Customize Form.,מותר להתאים אישית רק DocTypes סטנדרטיים מתוך טופס התאמה אישית.,
Only the assignee can complete this to-do.,רק המוקצה יכול להשלים מטלה זו.,
Only users involved in the document are listed,רק המשתמשים המעורבים במסמך מפורטים,
Only {0} emailed reports are allowed per user.,רק {0} דוחות שנשלחו בדוא&quot;ל מותרים לכל משתמש.,
Oops! Something went wrong.,אופס! משהו השתבש.,
Open,פתוח,
Open Awesomebar,פתח את Awesomebar,
Open Communication,תקשורת פתוחה,
Open Document,פתח מסמך,
Open Documents,פתח מסמכים,
Open Help,פתח עזרה,
Open Link,פתח קישור,
Open Reference Document,פתח את מסמך הפניה,
Open Settings,פתח את ההגדרות,
Open Source Applications for the Web,יישומי קוד פתוחים לאינטרנט,
Open Translation,תרגום פתוח,
Open URL in a New Tab,פתח את כתובת האתר בכרטיסייה חדשה,
Open a dialog with mandatory fields to create a new record quickly,פתח דו-שיח עם שדות חובה כדי ליצור רשומה חדשה במהירות,
Open a module or tool,פתח מודול או כלי,
Open in a new tab,פתח בכרטיסייה חדשה,
Open list item,פתח את פריט הרשימה,Description of a list view shortcut
Open your authentication app on your mobile phone.,פתח את אפליקציית האימות בטלפון הנייד שלך.,
Open {0},להרחיב {0},
OpenID Configuration,תצורת OpenID,
OpenLDAP,OpenLDAP,
Opened,נפתח,
Operation,מבצע,
Operator must be one of {0},המפעיל חייב להיות אחד מ- {0},
Optimize,בצע אופטימיזציה,
Optimizing image...,מבצע אופטימיזציה של תמונה...,
Option 1,אפשרות 1,
Option 2,אפשרות 2,
Option 3,אפשרות 3,
Option {0} for field {1} is not a child table,אפשרות {0} לשדה {1} אינה טבלת ילדים,
Optional: Always send to these ids. Each Email Address on a new row,אופציונלי: שלח תמיד למזהים אלה. כל כתובת דוא&quot;ל בשורה חדשה,
Optional: The alert will be sent if this expression is true,אופציונלית: ההתראה תישלח אם ביטוי זה נכון,
Options,אפשרויות,
Options 'Dynamic Link' type of field must point to another Link Field with options as 'DocType',"הסוג של שדה אפשרויות 'הקישור דינמי ""חייב להצביע על עוד קישור שדה עם אפשרויות כמו' DOCTYPE '",
Options Help,אפשרויות עזרה,
Options for Rating field can range from 3 to 10,אפשרויות עבור שדה דירוג יכולות לנוע בין 3 ל-10,
Options for select. Each option on a new line.,אפשרויות לבחירה. כל אפשרות בשורה חדשה.,
Options for {0} must be set before setting the default value.,יש להגדיר אפשרויות עבור {0} לפני הגדרת ערך ברירת המחדל.,
Options is required for field {0} of type {1},נדרשות אפשרויות עבור שדה {0} מסוג {1},
Options not set for link field {0},אפשרויות לא נקבעו לקישור שדה {0},
Orange,כתום,
Order,להזמין,
Org History,ההיסטוריה org,
Org History Heading,ההיסטוריה org כותרת,
Orientation,נטייה,
Original Value,ערך מקורי,
Other,אחר,
Outgoing (SMTP) Settings,הגדרות יוצאות (SMTP).,
Outgoing Emails (Last 7 days),הודעות דוא&quot;ל יוצאות (7 הימים האחרונים),
Outgoing Server,שרת יוצא,
Outgoing Settings,הגדרות יוצאות,
Outgoing email account not correct,חשבון הדוא&quot;ל היוצא אינו תקין,
Outlook.com,Outlook.com,
Output,תפוקה,
Overview,סקירה כללית,
Owner,בעלים,
PATCH,להטליא,
PDF,PDF,
PDF Generation in Progress,יצירת PDF בתהליך,
PDF Page Height (in mm),גובה דף PDF (במ&quot;מ),
PDF Page Size,גודל דף PDF,
PDF Page Width (in mm),רוחב עמוד PDF (במ&quot;מ),
PDF Settings,הגדרות PDF,
PDF generation failed,ייצור PDF נכשל,
PDF generation failed because of broken image links,דור PDF נכשל בגלל קישורי תמונה שבורות,
PDF generation may not work as expected.,ייתכן שיצירת PDF לא תעבוד כצפוי.,
"PDF printing via ""Raw Print"" is not supported.",הדפסת PDF באמצעות &quot;Raw Print&quot; אינה נתמכת.,
PID,PID,
POST,שלאחר,
PUT,לשים,
Package,חבילה,
Package Import,ייבוא חבילות,
Package Name,שם החבילה,
Package Release,שחרור חבילה,
Page,עמוד,
Page Break,מעבר עמודים,
Page Builder,בונה עמודים,
Page Building Blocks,אבני בניין לדף,
Page HTML,הדף HTML,
Page Height (in mm),גובה עמוד (במ&quot;מ),
Page Margins,שולי עמודים,
Page Name,שם דף,
Page Number,מספר עמוד,
Page Route,מסלול עמוד,
Page Saved Successfully,הדף נשמר בהצלחה,
Page Settings,הגדרות עמוד,
Page Shortcuts,קיצורי דרך לדף,
Page Size,גודל עמוד,
Page Title,כותרת העמוד,
Page Width (in mm),רוחב עמוד (במ&quot;מ),
Page has expired!,העמוד פג!,
Page height and width cannot be zero,גובה ורוחב העמוד אינם יכולים להיות אפס,
Page not found,דף לא נמצא,
"Page to show on the website
","עמוד להצגה באתר
",
Page with title {0} already exist.,עמוד עם הכותרת {0} כבר קיים.,
Page {0} of {1},דף {0} של {1},
Parameter,פרמטר,
Parent,הורה,
Parent DocType,DocType אב,
Parent Document Type,סוג מסמך אב,
Parent Document Type is required to create a number card,נדרש סוג מסמך אב כדי ליצור כרטיס מספר,
Parent Element Selector,בורר רכיבי אב,
Parent Field,שדה הורה,
Parent Field (Tree),שדה אב (עץ),
Parent Field must be a valid fieldname,שדה האב חייב להיות שם שדה חוקי,
Parent Label,תווית הורה,
Parent Missing,הורה חסר,
Parent Page,עמוד הורה,
Parent Table,לוח האם,
Parent document type is required to create a dashboard chart,נדרש סוג מסמך אב כדי ליצור תרשים לוח מחוונים,
Parent is the name of the document to which the data will get added to.,הורה הוא שם המסמך אליו יתווספו הנתונים.,
Parentfield not specified in {0}: {1},שדה הורה לא צוין ב-{0}: {1},
"Parenttype, Parent and Parentfield are required to insert a child record","דרושים Parenttype, Parent ו- Parentfield כדי להוסיף רשומת צאצא",
Partial,חלקי,
Partial Success,הצלחה חלקית,
Partially Sent,נשלח חלקית,
Participants,משתתפים,
Pass,לעבור,
Passive,פסיבי,
Password,סיסמא,
Password Email Sent,סיסמא דואר אלקטרוני נשלח,
Password Reset,איפוס סיסמא,
Password Reset Link Generation Limit,איפוס סיסמה מגבלת יצירת קישור,
Password cannot be filtered,לא ניתן לסנן את הסיסמה,
Password changed successfully.,סיסמה שונתה בהצלחה.,
Password for Base DN,סיסמה ל- DN DN,
Password is required or select Awaiting Password,נדרשת סיסמה או בחר בהמתנה לסיסמה,
Password missing in Email Account,חסרה סיסמה בחשבון הדוא&quot;ל,
Password not found for {0} {1} {2},לא נמצאה סיסמה עבור {0} {1} {2},
Password reset instructions have been sent to your email,"הוראות לאיפוס סיסמא נשלחו לדוא""ל שלך",
Password set,סיסמה מוגדרת,
Password size exceeded the maximum allowed size,גודל הסיסמה חרג מהגודל המרבי המותר,
Password size exceeded the maximum allowed size.,גודל הסיסמה חרג מהגודל המרבי המותר.,
Passwords do not match,הסיסמאות אינן תואמות,
Passwords do not match!,סיסמאות לא תואמות!,
Past dates are not allowed for Scheduling.,תאריכים קודמים אינם מותרים עבור תזמון.,
Paste,הדבק,
Patch,תיקון,
Patch Log,התיקון התחבר,
Patch type {} not found in patches.txt,סוג התיקון {} לא נמצא ב-patches.txt,
Path,נתיב,
Path to CA Certs File,נתיב לקובץ אישורי CA,
Path to Server Certificate,נתיב לאישור שרת,
Path to private Key File,נתיב לקובץ מפתח פרטי,
Path {0} it not a valid path,נתיב {0} אינו נתיב חוקי,
Payload Count,ספירת מטען,
Peak Memory Usage,שיא השימוש בזיכרון,
Pending,ממתין ל,
Pending Approval,ממתין לאישור,
Pending Emails,אימיילים בהמתנה,
Pending Jobs,משרות ממתינות,
Pending Verification,ממתין לאימות,
Percent,אחוזים,
Percentage,אחוזים,
Period,תקופה,
Perm Level,רמה פרם,
Permanent,קבוע,
Permanently Cancel {0}?,באופן קבוע לבטל {0}?,
Permanently Submit {0}?,באופן קבוע שלח {0}?,
Permanently delete {0}?,למחוק לצמיתות {0}?,
Permission Error,שגיאת הרשאה,
Permission Inspector,מפקח רשות,
Permission Level,רמת הרשאה,
Permission Levels,רמות הרשאה,
Permission Query,שאילתת הרשאה,
Permission Rules,כללי רשות,
Permission Type,סוג הרשאה,
Permissions,הרשאות,
Permissions Error,שגיאת הרשאות,
Permissions are automatically applied to Standard Reports and searches.,ההרשאות מוחלות באופן אוטומטי על דוחות וחיפושים סטנדרטיים.,
"Permissions are set on Roles and Document Types (called DocTypes) by setting rights like Read, Write, Create, Delete, Submit, Cancel, Amend, Report, Import, Export, Print, Email and Set User Permissions.","הרשאות מוגדרות על תפקידים וסוגי מסמכים (DocTypes נקרא) על ידי הגדרת זכויות כמו לקרוא, לכתוב, ליצור, למחוק, שלח, לבטל, לשנות, דווח, יבוא, יצוא, הרשאות הדפסה, דוא""ל ומשתמש הסט.",
Permissions at higher levels are Field Level permissions. All Fields have a Permission Level set against them and the rules defined at that permissions apply to the field. This is useful in case you want to hide or make certain field read-only for certain Roles.,הרשאות ברמות גבוהות יותר הן הרשאות שדה רמה. כל השדות סט רמת הרשאה נגדם וכללים שהוגדרו שבהרשאות חלות על השדה. זה שימושי במקרה שאתה רוצה להסתיר או לעשות תחום מסוים לקריאה בלבד לתפקידים מסוימים.,
"Permissions at level 0 are Document Level permissions, i.e. they are primary for access to the document.","הרשאות ברמה 0 הן הרשאות מסמך ברמה, כלומר הם עיקריים לגישה למסמך.",
Permissions get applied on Users based on what Roles they are assigned.,הרשאות לקבל מוחלות על משתמשים על סמך מה תפקידים שהם מוקצים.,
Permitted Documents For User,מסמכים מותרים למשתמש,
Permitted Roles,תפקידים מותרים,
Personal,אישי,
Personal Data Deletion Request,בקשת מחיקה של נתונים אישיים,
Personal Data Deletion Step,שלב מחיקת נתונים אישיים,
Personal Data Download Request,בקשה להורדת נתונים אישיים,
Phone,טלפון,
Phone No.,מס 'טלפון,
Phone Number {0} set in field {1} is not valid.,מספר הטלפון {0} שהוגדר בשדה {1} אינו חוקי.,
Pick Columns,בחר עמודות,
Pie,פאי,
Pincode,Pincode,
Pink,ורוד,
Placeholder,מציין מקום,
Places,מקומות,
Plain Text,טקסט רגיל,
Plant,מפעל,
Please Authorize OAuth for Email Account {},אנא אשר את OAuth עבור חשבון דוא&quot;ל {},
Please Duplicate this Website Theme to customize.,אנא כפל נושא אתר זה כדי להתאים אישית.,
Please Install the ldap3 library via pip to use ldap functionality.,אנא התקן את ספריית ldap3 באמצעות pip כדי להשתמש בפונקציונליות ldap.,
Please Set Chart,אנא הגדר תרשים,
Please Update SMS Settings,אנא עדכן את הגדרות SMS,
Please add a subject to your email,אנא הוסף נושא לדוא&quot;ל שלך,
Please add a valid comment.,אנא הוסף תגובה חוקית.,
Please ask your administrator to verify your sign-up,אנא בקש מהמנהל שלך לאמת את ההרשמה שלך,
Please attach a file first.,נא לצרף קובץ ראשון.,
Please attach an image file to set HTML for Footer.,אנא צרף קובץ תמונה כדי להגדיר HTML עבור כותרת תחתונה.,
Please attach an image file to set HTML for Letter Head.,אנא צרף קובץ תמונה כדי להגדיר HTML עבור Letter Head.,
Please attach the package,נא לצרף את החבילה,
Please check OpenID Configuration URL,אנא בדוק את כתובת האתר של תצורת OpenID,
Please check the filter values set for Dashboard Chart: {},אנא בדוק את ערכי הסינון שהוגדרו עבור תרשים לוח המחוונים: {},
"Please check the value of ""Fetch From"" set for field {0}",אנא בדוק את הערך של ההגדרה &quot;אחזר מ-&quot; עבור השדה {0},
Please check your email for verification,אנא בדוק את אימות הדוא&quot;ל שלך,
Please check your email login credentials.,אנא בדוק את פרטי הכניסה שלך למייל.,
Please check your registered email address for instructions on how to proceed. Do not close this window as you will have to return to it.,אנא בדוק את כתובת הדוא&quot;ל הרשומה שלך לקבלת הוראות כיצד להמשיך. אל תסגור חלון זה מכיוון שתצטרך לחזור אליו.,
Please click on the following link and follow the instructions on the page. {0},אנא לחץ על הקישור הבא ופעל לפי ההוראות בעמוד. {0},
Please click on the following link to set your new password,אנא לחץ על הקישור הבא כדי להגדיר את הסיסמה החדשה שלך,
Please close this window,אנא סגור חלון זה,
Please confirm your action to {0} this document.,אנא אשר את פעולתך ל {0} מסמך זה.,
Please contact your system manager to install correct version.,אנא צור קשר עם מנהל המערכת שלך כדי להתקין את הגרסה הנכונה.,
Please create Card first,אנא צור כרטיס ראשון,
Please create chart first,אנא צור תחילה תרשים,
Please delete the field from {0} or add the required doctype.,אנא מחק את השדה מ-{0} או הוסף את ה-doctype הנדרש.,
Please do not change the template headings.,נא לא לשנות את כותרות התבנית.,
Please duplicate this to make changes,אנא לשכפל זה לבצע שינויים,
Please enable atleast one Social Login Key or LDAP or Login With Email Link before disabling username/password based login.,אנא הפעל לפחות מפתח התחברות חברתי אחד או LDAP או התחברות עם קישור דוא&quot;ל לפני השבתת התחברות מבוססת שם משתמש/סיסמה.,
Please enable pop-ups,אנא אפשר חלונות קופצים,
Please enable pop-ups in your browser,אנא הפעל חלונות קופצים בדפדפן שלך,
Please enable {} before continuing.,אנא הפעל את {} לפני שתמשיך.,
Please ensure that your profile has an email address,ודא שיש לך פרופיל את כתובת הדוא&quot;ל של,
Please enter Access Token URL,אנא הזן את כתובת האתר של אסימון הגישה,
Please enter Authorize URL,אנא הזן כתובת אתר הרשאה,
Please enter Base URL,אנא הזן כתובת URL בסיסית,
Please enter Client ID before social login is enabled,אנא הזן את מספר הלקוח לפני הפעלת הכניסה החברתית,
Please enter Client Secret before social login is enabled,אנא הכנס את סוד הלקוח לפני הפעלת הכניסה החברתית,
Please enter OpenID Configuration URL,אנא הזן את כתובת האתר לתצורת OpenID,
Please enter Redirect URL,אנא הזן כתובת אתר להפניה מחדש,
Please enter a valid email address.,נא להזין כתובת אימייל חוקית.,
Please enter both your email and message so that we can get back to you. Thanks!,אנא הכנס גם את האימייל וגם את ההודעה שלך כדי שנוכל לחזור אליך. תודה!,
Please enter the password,הזן את הסיסמה,
Please enter the password for: <b>{0}</b>,אנא הזן את הסיסמה עבור: <b>{0}</b>,Email Account
Please enter valid mobile nos,נא להזין nos תקף הנייד,
Please enter your new password.,אנא הזן את הסיסמה החדשה שלך.,
Please enter your old password.,אנא הזן את הסיסמה הישנה שלך.,
Please find attached {0}: {1},אנא מצא מצורף {0}: {1},
Please hide the standard navbar items instead of deleting them,אנא הסתר את הפריטים הרגילים של סרגל הניווט במקום למחוק אותם,
Please login to post a comment.,אנא התחבר כדי לכתוב תגובה.,
Please make sure the Reference Communication Docs are not circularly linked.,אנא ודא כי מסמכי התקשורת הפניה אינם מקושרים מעגלית.,
Please refresh to get the latest document.,אנא רענן כדי לקבל את המסמך האחרון.,
Please remove the printer mapping in Printer Settings and try again.,אנא הסר את מיפוי המדפסת בהגדרות מדפסת ונסה שוב.,
Please save before attaching.,אנא שמור לפני הצמדה.,
Please save the Newsletter before sending,אנא שמור ניוזלטר לפני השליחה,
Please save the document before assignment,אנא שמור את המסמך לפני המשימה,
Please save the document before removing assignment,אנא שמור את המסמך לפני הסרת משימה,
Please save the report first,אנא שמור תחילה את הדוח,
Please save to edit the template.,אנא שמור כדי לערוך את התבנית.,
Please select Company,אנא בחר חברה,
Please select DocType first,אנא בחר DOCTYPE ראשון,
Please select Entity Type first,אנא בחר תחילה את סוג הישות,
Please select Minimum Password Score,אנא בחר ציון סיסמא מינימלי,
Please select X and Y fields,אנא בחר בשדות X ו-Y,
Please select a country code for field {1}.,אנא בחר קוד מדינה עבור השדה {1}.,
Please select a file first.,אנא בחר קובץ תחילה.,
Please select a file or url,אנא בחר קובץ או כתובת אתר,
Please select a valid csv file with data,אנא בחר קובץ CSV תקף עם הנתונים,
Please select a valid date filter,אנא בחר מסנן תאריכים חוקי,
Please select applicable Doctypes,אנא בחר סוגי מסמכים רלוונטיים,
Please select atleast 1 column from {0} to sort/group,בחר לפחות עמודה אחת מ- {0} למיון / קבוצה,
Please select prefix first,אנא בחר תחילה קידומת,
Please select the Document Type.,אנא בחר את סוג המסמך.,
Please select the LDAP Directory being used,אנא בחר את ספריית ה-LDAP שבה נעשה שימוש,
Please select {0},אנא בחר {0},
Please set Dropbox access keys in site config or doctype,הגדר את מפתחות הגישה של Dropbox בתצורת האתר או doctype,
Please set Email Address,אנא הגדר כתובת דוא&quot;ל,
Please set a printer mapping for this print format in the Printer Settings,הגדר מיפוי מדפסות לפורמט הדפסה זה בהגדרות המדפסת,
Please set filters,אנא הגדר מסננים,
Please set filters value in Report Filter table.,אנא הגדר את ערך המסננים בטבלה מסנן הדוחות.,
Please set the document name,נא להגדיר את שם המסמך,
Please set the following documents in this Dashboard as standard first.,אנא הגדר תחילה את המסמכים הבאים במרכז השליטה.,
Please set the series to be used.,אנא הגדר את הסדרה לשימוש.,
"Please setup SMS before setting it as an authentication method, via SMS Settings","אנא הגדר SMS לפני שתגדיר אותו כשיטת אימות, באמצעות הגדרות SMS",
Please setup a message first,אנא הגדר הודעה תחילה,
Please setup default Email Account from Settings > Email Account,אנא הגדר חשבון דוא&quot;ל כברירת מחדל מהגדרות &gt; חשבון דוא&quot;ל,
Please setup default outgoing Email Account from Settings > Email Account,אנא הגדר חשבון דואר אלקטרוני יוצא כברירת מחדל מהגדרות &gt; חשבון דוא&quot;ל,
Please specify,אנא ציין,
Please specify a valid parent DocType for {0},אנא ציין DocType הורה חוקי עבור {0},
Please specify which date field must be checked,נא לציין שמועד שדה חייב להיבדק,
Please specify which value field must be checked,נא לציין שערך שדה חייב להיבדק,
Please try again,בבקשה נסה שוב,
Please update {} before continuing.,עדכן את {} לפני שתמשיך.,
Please use a valid LDAP search filter,אנא השתמש במסנן חיפוש חוקי של LDAP,
Please verify your Email Address,אנא אמת את כתובת הדוא&quot;ל שלך,
Please visit https://frappecloud.com/docs/sites/migrate-an-existing-site#encryption-key for more information.,אנא בקר בכתובת https://frappecloud.com/docs/sites/migrate-an-existing-site#encryption-key למידע נוסף.,
Point Allocation Periodicity,מחזוריות של הקצאת נקודה,
Points,נקודות,
Points Given,נקודות שניתנו,
Polling,סקר,
Popover Element,Popover Element,
Popover or Modal Description,Popover או תיאור מודאלי,
Port,נמל,
Portal Menu,תפריט פורטל,
Portal Menu Item,פריט תפריט פורטל,
Portal Settings,הגדרות Portal,
Portrait,דיוקן,
Position,עמדה,
Post,הודעה,
"Post it here, our mentors will help you out.","פרסם את זה כאן, המנטורים שלנו יעזרו לך.",
Postal,דואר,
Postal Code,מיקוד,
Posting Timestamp,פרסום חותמת זמן,
Posts by {0},הודעות של {0},
Posts filed under {0},הודעות הגישו תחת {0},
Precision,Precision,
Precision should be between 1 and 6,Precision צריך להיות בין 1 ל 6,
Predictable substitutions like '@' instead of 'a' don't help very much.,החלפות צפויות כמו &#39;@&#39; במקום &#39;a&#39; לא עזר לנו במיוחד.,
Prefer not to say,מעדיף שלא לומר,
Preferred Billing Address,כתובת חיוב מועדפת,
Preferred Shipping Address,כתובת למשלוח מועדף,
Prefix,קידומת,
Prepared Report,דו&quot;ח מוכן,
Prepared Report User,משתמש דוחות מוכן,
Prepared report render failed,עיבוד הדוח שהוכן נכשל,
Preparing Report,מכין דוח,
Prepend the template to the email message,הוסף את התבנית להודעת הדואר האלקטרוני,
Press Alt Key to trigger additional shortcuts in Menu and Sidebar,לחץ על מקש Alt כדי להפעיל קיצורי דרך נוספים בתפריט ובסרגל הצד,
Press Enter to save,לחץ על Enter כדי לשמור,
Preview,תצוגה מקדימה,
Preview HTML,התצוגה המקדימה של HTML,
Preview Image,תצוגה מקדימה של תמונה,
Preview Message,הודעה מקדימה,
Preview Mode,מצב תצוגה מקדימה,
Preview of generated names,תצוגה מקדימה של שמות שנוצרו,
Preview type,סוג תצוגה מקדימה,
Preview:,תצוגה מקדימה:,
Previous,קודם,
Previous Document,מסמך קודם,
Previous Hash,הקודם Hash,
Previous Submission,הגשה קודמת,
Primary,עיקרי,
Primary Address,כתובת ראשית,
Primary Color,צבע יסוד,
Primary Contact,איש קשר ראשי,
Primary Email,דוא&quot;ל ראשי,
Primary Mobile,נייד ראשי,
Primary Phone,טלפון ראשי,
Print,הדפס,
Print Documents,הדפס מסמכים,
Print Format,פורמט הדפסה,
Print Format Builder,Builder פורמט הדפסה,
Print Format Builder Beta,בטא של בונה פורמט הדפסה,
Print Format Error,שגיאת פורמט הדפסה,
Print Format Field Template,תבנית שדה הדפסה,
Print Format Help,עזרה פורמט הדפסה,
Print Format Type,סוג פורמט הדפסה,
Print Format {0} is disabled,פורמט ההדפסה {0} אינו זמין,
Print Heading,הדפס כותרת,
Print Hide,הסתר הדפסה,
Print Hide If No Value,הסתר הדפסה אם אין ערך,
Print Language,שפת הדפסה,
Print Sent to the printer!,הדפס נשלח למדפסת!,
Print Server,שרת הדפסה,
Print Settings,הגדרות הדפסה,
Print Style,סגנון הדפסה,
Print Style Name,שם סגנון הדפסה,
Print Style Preview,להדפיס תצוגה מקדימה של סגנון,
Print Width,רוחב הדפסה,
"Print Width of the field, if the field is a column in a table","הדפסת רוחב של השדה, אם השדה היא עמודה בטבלה",
Print document,הדפס מסמך,
Print with letterhead,הדפס עם מכתבים,
Printer,מדפסת,
Printer Mapping,מיפוי מדפסות,
Printer Name,שם המדפסת,
Printer Settings,הגדרות מדפסת,
Printer mapping not set.,מיפוי המדפסת לא מוגדר.,
Printing,הדפסה,
Printing failed,ההדפסה נכשלה,
Priority,עדיפות,
Private,פרטי,
Private Files (MB),קבצים פרטיים (MB),
ProTip: Add <code>Reference: {{ reference_doctype }} {{ reference_name }}</code> to send document reference,הוסף: Protip <code>Reference: {{ reference_doctype }} {{ reference_name }}</code> לשלוח התייחסות מסמך,
Proceed,להתקדם,
Proceed Anyway,המשך בכל מקרה,
Processing,מעבד,
Processing...,מעבד...,
Prof,פרופ &#39;,
Progress,התקדמות,
Project,פרויקט,
Property,נכס,
Property Depends On,הנכס תלוי,
Property Setter,נכס סתר,
Property Setter overrides a standard DocType or Field property,נכס סתר עוקף DOCTYPE סטנדרטי או רכוש שדה,
Property Type,סוג הנכס,
"Provide a list of allowed file extensions for file uploads. Each line should contain one allowed file type. If unset, all file extensions are allowed. Example: <br>CSV<br>JPG<br>PNG","ספק רשימה של סיומות קבצים מותרות להעלאות קבצים. כל שורה צריכה להכיל סוג קובץ אחד מותר. אם לא מוגדר, כל סיומות הקבצים מותרות. דוגמה:<br> CSV<br> JPG<br> PNG",
Provider,ספק,
Provider Name,שם הספק,
Public,ציבור,
Public Files (MB),קבצים ציבוריים (MB),
Publish,לפרסם,
Publish as a web page,פרסם כדף אינטרנט,
Published,פורסם,
Published On,פורסם ב,
Published on,פורסם ב,
Publishing Dates,תאריכי פרסום,
Pull from Google Calendar,משוך מיומן Google,
Pull from Google Contacts,משוך מאנשי הקשר של Google,
Pulled from Google Calendar,נשלף מיומן Google,
Pulled from Google Contacts,נשלף מאנשי הקשר של Google,
Purchase Manager,מנהל רכש,
Purchase Master Manager,רכישת Master מנהל,
Purchase User,משתמש רכישה,
Purple,סגול,
Push Notification Settings,הגדרות הודעה בדחיפה,
Push to Google Calendar,עבור ליומן Google,
Push to Google Contacts,דחוף אל אנשי הקשר של Google,
Put on Hold,שים בהמתנה,
Python,פיתון,
QR Code,קוד QR,
QR Code for Login Verification,קוד QR לאימות כניסה,
QZ Tray Connection Active!,חיבור מגשי QZ פעיל!,
QZ Tray Failed: ,מגש ה- QZ נכשל:,
Quarter Day,יום הרבעון,
Quarterly,הרבעונים,
Query,שאילתא,
Query / Script,שאילתה / סקריפט,
Query Options,שאילתא אפשרויות,
Query Parameters,פרמטרי שאילתה,
Query Report,דוח שאילתות,
Query analysis complete. Check suggested indexes.,ניתוח שאילתות הושלם. בדוק את האינדקסים המוצעים.,
Query must be of SELECT or read-only WITH type.,השאילתה חייבת להיות מסוג SELECT או לקריאה בלבד WITH.,
Queue,תור,
Queue Status,מצב תור,
Queue Type(s),סוגי תור,
Queue in Background (BETA),תור ברקע (ביטא),
Queue should be one of {0},התור צריך להיות אחד מ- {0},
Queue(s),תור(ים),
Queued,בתור,
Queued At,בתור ב,
Queued By,בתור על ידי,
Queued for Submission. You can track the progress over {0}.,בתור להגשה. אתה יכול לעקוב אחר ההתקדמות מעל {0}.,
Queued for backup. It may take a few minutes to an hour.,בתור לגיבוי. זה עלול לארוך כמה דקות עד שעה.,
Queued for backup. You will receive an email with the download link,בתור לגיבוי. תקבל אימייל עם קישור ההורדה,
Queued {0} emails,בתור {0} הודעות דוא&quot;ל,
Queues,תורים,
Queuing emails...,תור אימיילים...,
Queuing {0} for Submission,תור {0} להגשה,
Quick Entry,כניסה מהירה,
Quick Help for Setting Permissions,עזרה מהירה לקביעת הרשאות,
Quick List Filter,מסנן רשימה מהירה,
Quick Lists,רשימות מהירות,
Quoting must be between 0 and 3,ציטוט חייב להיות בין 0 ל-3,
RAW Information Log,יומן מידע של RAW,
RQ Job,RQ Job,
RQ Worker,עובד RQ,
Random,אקראי,
Range,טווח,
Rank,דרגה,
Rate Limiting,הגבלת תעריפים,
Rate Limits,מגבלות תעריף,
Rate limit for email link login,מגבלת תעריף לכניסה לקישור אימייל,
Rating,דרוג,
Raw Commands,פקודות גולמיות,
Raw Email,אימייל גולמי,
Raw Printing,הדפסה גולמית,
Raw Printing Setting,הגדרת הדפסה גולמית,
Raw Printing Settings,הגדרות הדפסה גולמית,
Re-Run in Console,הפעל מחדש בקונסולה,
Re:,מחדש:,
Re: {0},Re: {0},
Read,קראו,
Read Only,קריאה בלבד,
Read Only Depends On,קרא רק תלוי,
Read Only Depends On (JS),קריאה בלבד תלויה ב (JS),
Read Only Mode,מצב קריאה בלבד,
Read Time,זמן קריאה,
Read by Recipient,נקרא על ידי הנמען,
Read by Recipient On,נקרא על ידי הנמען און,
Read mode,מצב קריאה,
Read the documentation to know more,קרא את התיעוד כדי לדעת יותר,
Readme,קרא לי,
Realtime (SocketIO),זמן אמת (SocketIO),
Reason,סיבה,
Rebuild,לבנות מחדש,
Rebuild Tree,לבנות מחדש עץ,
Rebuilding of tree is not supported for {},בנייה מחדש של עץ אינה נתמכת עבור {},
Received,קיבלתי,
Received an invalid token type.,קיבל סוג אסימון לא חוקי.,
Receiver By Document Field,מקלט לפי שדה מסמך,
Receiver By Role,מקלט לפי תפקיד,
Receiver Parameter,מקלט פרמטר,
Recent Activity,פעילות אחרונה,
Recent years are easy to guess.,בשנים האחרונות קלות לנחש.,
Recents,אחרונים,
Recipient,נמען,
Recipient Unsubscribed,נמען לא רשום,
Recipients,מקבלי,
Recorder,מקליט,
Recorder Query,שאילתת מקליט,
Recorder Suggested Index,אינדקס מוצע מקליט,
Records for following doctypes will be filtered,רשומות המסמכים הבאים יסוננו,
Recursive Fetch From,אחזור רקורסיבי מאת,
Red,אדום,
Redirect HTTP Status,סטטוס HTTP להפניה מחדש,
Redirect URI,כתובת URL להפניה מחדש,
Redirect URI Bound To Auth Code,הפנה מחדש את ה- URI המאוגד לקוד האימות,
Redirect URIs,הפנה מחדש URI,
Redirect URL,כתובת אתר להפניה מחדש,
Redirect to the selected app after login,הפנה מחדש לאפליקציה שנבחרה לאחר הכניסה,
Redirect to this URL after successful confirmation.,הפנה מחדש לכתובת אתר זו לאחר אישור מוצלח.,
Redirects,הפניות מחדש,
Redis cache server not running. Please contact Administrator / Tech support,שרת מטמון Redis אינו פועל. אנא פנה למנהל / תמיכה טכנית,
Redo,לעשות שוב,
Redo last action,בצע מחדש את הפעולה האחרונה,
Ref DocType,"נ""צ DOCTYPE",
Referance Doctype and Dashboard Name both can't be used at the same time.,לא ניתן להשתמש בשניהם ב-Doctype ו-Dashboard Name בו-זמנית.,
Reference,התייחסות,
Reference Date,תאריך התייחסות,
Reference DocName,הפניה ל- DocName,
Reference DocType,הפניה ל- DocType,
Reference DocType and Reference Name are required,התייחסות DOCTYPE והפניה שם נדרשים,
Reference Docname,התייחסות DocName,
Reference Doctype,DOCTYPE התייחסות,
Reference Document,מסמך ההפניה,
Reference Document Name,שם מסמך עזר,
Reference Document Type,התייחסות סוג המסמך,
Reference Name,שם הפניה,
Reference Owner,בעלי ההפניה,
Reference Report,דוח התייחסות,
Reference Type,סוג ההתייחסות,
Reference document has been cancelled,מסמך הפניה בוטל,
Reference name,שם התייחסות,
Reference: {0} {1},התייחסות: {0} {1},
Referrer,מפנה,
Refresh,רענן,
Refresh All,רענן הכל,
Refresh Google Sheet,רענן את Google Sheet,
Refresh List,רענן רשימה,
Refresh Token,רענן אסימון,
Refreshing,מרענן,Document count in list view
Refreshing...,מרענן ...,
Registered but disabled,רשום אך נכה,
Rejected,נדחה,
Relay Server URL missing,כתובת ה-URL של שרת הממסר חסרה,
Relay Settings,הגדרות ממסר,
Release Notes,הערות פרסום,
Relink,קישור מחדש,
Relink Communication,קישור מחדש לתקשורת,
Relinked,נקשר מחדש,
Reload,רענן,
Reload File,טען קובץ מחדש,
Reload List,טען מחדש רשימה,
Reload Report,טען מחדש דוח,
Remember Last Selected Value,זכור את הערך שנבחר לאחרונה,
Remind At,תזכיר את At,
Remind Me,תזכיר לי,
Remind Me In,תזכיר לי ב,
Reminder,תזכורת,
Reminder cannot be created in past.,לא ניתן ליצור תזכורת בעבר.,
Reminder set at {0},תזכורת מוגדרת ב-{0},
Remove,להסיר,
Remove Failed Jobs,הסר עבודות שנכשלו,
Remove Field,הסר שדה,
Remove Filter,הסר סינון,
Remove Section,הסר סעיף,
Remove all customizations?,הסר את כל ההתאמות האישיות?,
Remove all fields in the column,הסר את כל השדות בעמודה,
Remove column,הסר עמודה,
Remove field,הסר שדה,
Remove last column,הסר את העמודה האחרונה,
Remove page break,הסר מעבר עמוד,
Remove section,הסר קטע,
Remove tab,הסר את הכרטיסייה,
Removed {0},הוסר {0},
Rename,שינוי שם,
Rename Fieldname,שנה את שם השדה,
Rename {0},שינוי שם {0},
"Renamed files and replaced code in controllers, please check!","שמו קבצים ושמות קוד הוחלפו בבקרים, אנא בדקו!",
Render labels to the left and values to the right in this section,עיבוד תוויות משמאל וערכים מימין בחלק זה,
Reopen,פתח מחדש,
Repeat,חזור,
Repeat Header and Footer,חזור על כותרת עליונה וכותרת תחתונה,
Repeat On,חזור על פעולה ב,
Repeat Till,חזור עד,
Repeat on Day,חזור על היום,
Repeat on Days,חזור על ימים,
Repeat on Last Day of the Month,חזור על הפעולה ביום האחרון של החודש,
Repeat this Event,חזור על אירוע זה,
"Repeats like ""aaa"" are easy to guess",חזרות כמו &quot;AAA&quot; קלות לנחש,
"Repeats like ""abcabcabc"" are only slightly harder to guess than ""abc""",חזרות כמו &quot;abcabcabc&quot; הם רק מעט יותר קשה לנחש מ &quot;ABC&quot;,
Repeats {0},חוזר על {0},
Replied,ענה,
Reply,תגובה,
Reply All,השב לכולם,
Report,"דו""ח",
Report Builder,Report Builder,
Report Column,דווח על עמודה,
Report Description,תיאור הדוח,
Report Document Error,דווח על שגיאת מסמך,
Report Filter,מסנן דוחות,
Report Filters,דווח על מסננים,
Report Hide,דווח הסתר,
Report Information,דווח על מידע,
Report Manager,"דו""ח מנהל",
Report Name,שם דוח,
"Report Name, Report Field and Fucntion are required to create a number card","נדרשים שם דוח, שדה דוח ופונקציה כדי ליצור כרטיס מספר",
Report Ref DocType,דיווח Ref DocType,
Report Reference Doctype,דווח על סוג מסמך התייחסות,
Report Type,סוג הדוח,
Report View,תצוגת דוח,
Report cannot be set for Single types,לא ניתן להגדיר דווח לסוגים יחיד,
"Report has no data, please modify the filters or change the Report Name","לדוח אין נתונים, אנא שנה את המסננים או שנה את שם הדוח",
"Report has no numeric fields, please change the Report Name","לדוח אין שדות מספריים, אנא שנה את שם הדוח",
"Report initiated, click to view status","הדוח התחיל, לחץ כדי להציג סטטוס",
Report limit reached,הגעת למגבלת הדיווח,
Report timed out.,תם הזמן הקצוב לדוח.,
Report updated successfully,הדוח עודכן בהצלחה,
Report was not saved (there were errors),הדו&quot;ח לא נשמר (היו טעויות),
Report with more than 10 columns looks better in Landscape mode.,דוח עם יותר מ -10 עמודות נראה טוב יותר במצב נוף.,
Report {0},דווח {0},
Report {0} deleted,הדוח {0} נמחק,
Report {0} is disabled,דווח {0} אינו זמין,
Report {0} saved,דוח {0} נשמר,
Report:,להגיש תלונה:,
Reports,דיווחים,
Reports & Masters,דוחות ומאסטרים,
Reports already in Queue,דיווחים כבר בתור,
Represents a User in the system.,מייצג משתמש במערכת.,
Represents the states allowed in one document and role assigned to change the state.,מייצג את המדינות מותרת במסמך אחד ותפקיד שהוקצה כדי לשנות את המצב.,
Request Account Deletion,בקש מחיקת חשבון,
Request Body,גוף הבקשה,
Request Data,בקש נתונים,
Request Description,תיאור בקשה,
Request Headers,כותרות בקשה,
Request ID,זיהוי בקשה,
Request Limit,מגבלת בקשה,
Request Method,שיטת בקשה,
Request Structure,מבנה בקשה,
Request Timed Out,תם זמן הבקשה,
Request Timeout,בקש פסק זמן,
Request URL,בקשת כתובת אתר,
Require Trusted Certificate,דרוש תעודה מהימנה,
"Requires any valid fdn path. i.e. ou=groups,dc=example,dc=com","דורש כל נתיב fdn חוקי. כלומר ou=groups,dc=example,dc=com",
"Requires any valid fdn path. i.e. ou=users,dc=example,dc=com","דורש כל נתיב fdn חוקי. כלומר ou=users,dc=example,dc=com",
Res: {0},מילוי: {0},
Reset,אתחול,
Reset All Customizations,אפס את כל ההתאמות האישיות,
Reset Changes,אפס שינויים,
Reset Chart,אפס תרשים,
Reset Dashboard Customizations,אפס התאמות אישיות של לוח המחוונים,
Reset Fields,אפס שדות,
Reset LDAP Password,אפס את סיסמת LDAP,
Reset Layout,אפס פריסה,
Reset OTP Secret,אפס את סוד ה- OTP,
Reset Password,איפוס סיסמא,
Reset Password Key,מפתח איפוס סיסמא,
Reset Password Link Expiry Duration,אפס משך תפוגה של קישור סיסמה,
Reset Password Template,אפס תבנית סיסמה,
Reset Permissions for {0}?,איפוס הרשאות עבור {0}?,
Reset To Default,אפס לברירת מחדל,
Reset sorting,אפס את המיון,
Reset the password for your account,אפס את הסיסמה לחשבון שלך,
Reset to default,אפס לברירת המחדל,
Reset to defaults,איפוס לברירות מחדל,
Reset your password,לאפס את הסיסמה שלך,
Response,תגובה,
Response Type,סוג תגובה,
Rest of the day,שאר היום,
Restore,לשחזר,
Restore Original Permissions,שחזור הרשאות מקוריות,
Restore to default settings?,שחזור להגדרות ברירת המחדל?,
Restored,משוחזר,
Restoring Deleted Document,שחזור המסמך שנמחק,
Restrict IP,להגביל IP,
Restrict To Domain,הגבל לתחום,
Restrict to Domain,הגבל לתחום,
Restrict user from this IP address only. Multiple IP addresses can be added by separating with commas. Also accepts partial IP addresses like (111.111.111),להגביל את המשתמש מכתובת ה- IP זה בלבד. ניתן להוסיף כתובות IP מרובות על ידי הפרדה בפסיקים. כמו כן מקבל כתובות IP חלקיות כמו (111.111.111),
Restrictions,מגבלות,Title of message showing restrictions in list view
Result,תוצאה,
Resume Sending,המשך שליחה,
Retry,נסה שוב,
Retry Sending,נסה שוב לשלוח,
Return to the Verification screen and enter the code displayed by your authentication app,חזור למסך האימות והזן את הקוד המוצג על ידי אפליקציית האימות שלך,
Reverse Icon Color,הפוך אייקון צבע,
Revert,לחזור,
Revert Of,החזרה של,
Reverted,שב,
Reverting length to {0} for '{1}' in '{2}'. Setting the length as {3} will cause truncation of data.,מחזיר אורך ל- {0} עבור &#39;{1}&#39; ב &#39;{2}&#39;. הגדרת האורך כ- {3} תגרום לקטיעת נתונים.,
Review,סקירה,
Review Level,רמת ביקורת,
Review Levels,סקור רמות,
Review Points,נקודות סקירה,
Reviews,ביקורות,
Revocation URI,URI לביטול,
Revoke,לבטל,
Revoked,מבוטל,
Rich Text,טקסט עשיר,
Right,תקין,
Right Bottom,ימין למטה,
Right Center,מרכז ימין,
Robots.txt,robots.txt,
Role,תפקיד,
Role 'All' will be given to all system + website users.,תפקיד &#39;הכל&#39; יינתן לכל משתמשי המערכת + האתר.,
Role 'Desk User' will be given to all system users.,התפקיד &#39;משתמש שולחני&#39; יינתן לכל משתמשי המערכת.,
Role Name,שם תפקיד,
Role Permission for Page and Report,אישור תפקיד לדף ולדוח,
Role Permissions,הרשאות תפקיד,
Role Permissions Manager,מנהל הרשאות התפקיד,
Role Profile,פרופיל תפקיד,
Role and Level,תפקיד ורמה,
Role has been set as per the user type {0},התפקיד הוגדר לפי סוג המשתמש {0},
Roles,תפקידים,
Roles & Permissions,תפקידים והרשאות,
Roles Assigned,תפקידים שהוקצו,
Roles HTML,תפקידי HTML,
Roles Html,תפקידי HTML,
Roles can be set for users from their User page.,ניתן להגדיר תפקידים עבור משתמשים מדף המשתמש שלהם.,
Root {0} cannot be deleted,שורש {0} לא ניתן למחוק,
Round Robin,רובין העגול,
Rounding Method,שיטת עיגול,
Route,מסלול,
Route History,היסטוריית מסלולים,
Route Redirects,הפניית מסלול מחדש,
"Route: Example ""/app""",מסלול: דוגמה &quot;/app&quot;,
Row,שורה,
Row #,שורה מספר,
Row # {0}: Non administrator user can not set the role {1} to the custom doctype,שורה מס&#39; {0}: משתמש שאינו מנהל מערכת אינו יכול להגדיר את התפקיד {1} ל-doctype המותאם אישית,
Row #{0}:,# השורה {0}:,
Row #{}: Fieldname is required,שורה #{}: נדרש שם שדה,
Row Index,מדד שורות,
Row Indexes,אינדקסים של שורות,
Row Name,שם שורה,
Row Number,מספר שורה,
Row Values Changed,ערכי השורות השתנו,
Row {0},שורה {0},
Row {0}: Not allowed to disable Mandatory for standard fields,שורה {0}: אסור להשבית חובה עבור שדות סטנדרטיים,
Row {0}: Not allowed to enable Allow on Submit for standard fields,שורת {0}: לא תורשה לאפשר אפשר בשלח לשדות סטנדרטיים,
Rows Added,שורות נוסף,
Rows Removed,שורות הוסרו,
Rule,כלל,
Rule Conditions,תנאי הכלל,
Rule Name,שם החוק,
"Rule for this doctype, role, permlevel and if-owner combination already exists.","כלל עבור השילוב הזה של doctype, תפקיד, permlevel ו-אם-בעלים כבר קיים.",
Rules defining transition of state in the workflow.,כללים המגדירים מעבר של מדינה בזרימת העבודה.,
"Rules for how states are transitions, like next state and which role is allowed to change state etc.","כללים לכיצד מדינות הן מעברים, כמו המדינה, ואשר התפקיד הבאים מותר לשנות את המדינה וכו '",
Rules with higher priority number will be applied first.,תחילה יוחלו כללים עם מספר עדיפות גבוה יותר.,
Run Jobs only Daily if Inactive For (Days),הפעל משרות רק מדי יום אם אינו פעיל במשך (ימים),
Run scheduled jobs only if checked,הפעל עבודות מתוכננות רק אם בדקתי,
S3 Backup Settings,הגדרות S3 לגיבוי,
S3 Backup complete!,גיבוי S3 הושלם!,
S3 Bucket Details,פרטי דלי S3,
SMS,SMS,
SMS Gateway URL,URL SMS Gateway,
SMS Parameter,פרמטר SMS,
SMS Settings,הגדרות SMS,
SMS sent successfully,SMS נשלח בהצלחה,
SMS was not sent. Please contact Administrator.,SMS לא נשלח. אנא צרו קשר עם מנהל המערכת.,
SMTP Server is required,נדרש שרת SMTP,
SMTP Settings for outgoing emails,"הגדרות SMTP להודעות הדוא""ל יוצאות",
SQL,SQL,
"SQL Conditions. Example: status=""Open""",תנאי SQL. דוגמה: מעמד = &quot;פתח&quot;,
SQL Explain,SQL הסבר,
SQL Output,פלט SQL,
SQL Queries,שאילתות SQL,
SSL/TLS Mode,מצב SSL / TLS,
SWATCHES,סווצ&#39;ים,
Sales Manager,מנהל מכירות,
Sales Master Manager,מנהל המכירות Master,
Sales User,משתמש מכירות,
Salesforce,כוח מכירות,
Salutation,שאילה,
Same Field is entered more than once,אותו שדה מוזן יותר מפעם אחת,
Sample,לדוגמא,
Saturday,יום שבת,
Save,שמור,
Save API Secret: {0},שמור סוד ממשק API: {0},
Save Anyway,שמור בכל מקרה,
Save As,שמור כ,
Save Customizations,שמור התאמות אישיות,
Save Filter,שמור מסנן,
Save Report,שמור דו&quot;ח,
Save filters,שמור פילטרים,
Save on Completion,חסוך בהשלמה,
Save the document.,שמור את המסמך.,
Save to enable file upload,שמור כדי לאפשר העלאת קבצים,
Saved,נשמר,
Saving,שמירה,Freeze message while saving a document
Saving Customization...,שומר התאמה אישית...,
Saving this will export this document as well as the steps linked here as json.,שמירת זה תייצא את המסמך הזה כמו גם את השלבים המקושרים כאן כ-json.,
Saving...,שומר...,
Scan,לסרוק,
Scan QRCode,סרוק QRCode,
Scan the QR Code and enter the resulting code displayed.,סרוק את קוד ה- QR והזן את הקוד שהתקבל שיוצג.,
Schedule,לוח זמנים,
Schedule Newsletter,לוח זמנים ניוזלטר,
Schedule Send At,לוח זמנים שלח ב,
Schedule sending,תזמון שליחה,
Schedule sending at a later time,תזמן את השליחה במועד מאוחר יותר,
Scheduled,מתוכנן,
Scheduled Against,מתוכנן נגד,
Scheduled Job,מתוזמן איוב,
Scheduled Job Log,יומן משרות מתוזמן,
Scheduled Job Type,סוג משרה מתוזמן,
Scheduled Sending,שליחה מתוזמנת,
Scheduled To Send,מתוזמן לשלוח,
Scheduled execution for script {0} has updated,הביצוע המתוכנן עבור הסקריפט {0} עודכן,
Scheduled to send,מתוזמן לשלוח,
Scheduler,מתזמן,
Scheduler Event,אירוע מתזמן,
Scheduler Inactive,מתזמן לא פעיל,
Scheduler Status,סטטוס מתזמן,
Scheduler can not be re-enabled when maintenance mode is active.,לא ניתן להפעיל מחדש את מתזמן כאשר מצב תחזוקה פעיל.,
Scheduler is inactive. Cannot import data.,המתזמן אינו פעיל. לא ניתן לייבא נתונים.,
Scheduler: Active,מתזמן: פעיל,
Scheduler: Inactive,מתזמן: לא פעיל,
Scope,תחום,
Scopes,היקפים,
Script,תסריט,
Script Manager,מנהל סקריפטים,
Script Report,התסריט דווח,
Script Type,תסריט סוג,
Script to attach to all web pages.,תסריט לצרף לכל דפי האינטרנט.,
Scripting,סקריפטים,
Scripting / Style,תסריט / סגנון,
Scripts,סקריפטים,
Search,חיפוש,
Search Bar,סרגל החיפוש,
Search Fields,שדות חיפוש,
Search Help,חפש עזרה,
Search Priorities,עדיפות חיפוש,
Search Results,תוצאות חיפוש,
Search Results for,תוצאות חיפוש עבור,
Search by filename or extension,חפש לפי שם קובץ או סיומת,
Search field {0} is not valid,שדה חיפוש {0} אינו חוקי,
Search fields,שדות חיפוש,
Search fieldtypes...,חפש סוגי שדות...,
Search for anything,חפש כל דבר,
Search for countries...,חפש מדינות...,
Search for icons...,חפש אייקונים...,
Search for {0},חפש את {0},
Search in a document type,חיפוש בסוג מסמך,
Search or type a command ({0}),חפש או הקלד פקודה ({0}),
Search properties...,חפש נכסים...,
Search results for,תוצאות חיפוש עבור,
Search...,לחפש...,
Searching ...,מחפש ...,
Section,סעיף,
Section Break,מעבר מקטע,
Section Heading,כותרת מדור,
Section ID,מזהה מדור,
Section Title,כותרת המדור,
Section must have at least one column,הקטע חייב לכלול עמודה אחת לפחות,
Security Settings,הגדרות אבטחה,
See all Activity,ראה את כל הפעילויות,
See all past reports.,ראה את כל הדוחות הקודמים.,
See on Website,ראה באתר,
See previous responses,ראה תגובות קודמות,Button in web form
See the document at {0},ראה את המסמך בכתובת {0},
Seen,נראה,
Seen By,נראה ע&quot;י,
Seen By Table,נראה על ידי השולחן,
Select,בחר,
Select All,בחר הכל,
Select Attachments,קבצים מצורפים בחרו,
Select Child Table,בחר טבלת ילדים,
Select Column,בחר עמודה,
Select Columns,בחרו עמודות,
Select Country,בחר מדינה,
Select Currency,בחר מטבע,
Select Dashboard,בחר לוח מחוונים,
Select Date Range,בחר טווח תאריכים,
Select DocType,DOCTYPE בחר,
Select Doctype,DOCTYPE בחר,
Select Document,בחר מסמך,
Select Document Type,בחר סוג המסמך,
Select Document Type or Role to start.,סוג המסמך בחר או תפקיד כדי להתחיל.,
Select Document Types to set which User Permissions are used to limit access.,סוגי מסמכים בחרו להגדיר שמשתמש הרשאות משמשים כדי להגביל את הגישה.,
Select Field,בחר שדה,
Select Field...,בחר שדה ...,
Select Fields,בחר שדות,
Select Fields To Insert,בחר שדות להכנסה,
Select Fields To Update,בחר שדות לעדכון,
Select Filters,בחר מסננים,
Select From Date,בחר מתוך תאריך,
Select Google Calendar to which event should be synced.,בחר ביומן Google שאליו יש לסנכרן את האירוע.,
Select Google Contacts to which contact should be synced.,בחר אנשי קשר של Google שאליהם יש לסנכרן את איש הקשר.,
Select Group By...,בחר קבוצה לפי ...,
Select Kanban,בחר Kanban,
Select Language,בחר שפה,
Select List View,בחר תצוגת רשימה,
Select Mandatory,בחר חובה,
Select Module,בחר מודול,
Select Network Printer,בחר מדפסת רשת,
Select Page,בחר עמוד,
Select Print Format,פורמט הדפסה בחר,
Select Print Format to Edit,בחר פורמט להדפסה לעריכה,
Select Report,בחר דווח,
Select Table Columns for {0},עמודות הטבלה בחר עבור {0},
Select Time Zone,בחר אזור זמן,
Select Transaction,עסקה בחר,
Select Workflow,בחר זרימת עבודה,
Select Workspace,בחר סביבת עבודה,
Select a Brand Image first.,בחר תחילה תמונת מותג.,
Select a DocType to make a new format,בחר DOCTYPE לעשות פורמט חדש,
Select a document to check if it meets conditions.,בחר מסמך כדי לבדוק אם הוא עומד בתנאים.,
Select a document to preview request data,בחר מסמך לתצוגה מקדימה של נתוני הבקשה,
Select a field to edit its properties.,בחר שדה כדי לערוך את המאפיינים שלו.,
Select a group node first.,בחר צומת קבוצה ראשונה.,
Select a valid Sender Field for creating documents from Email,בחר שדה שולח חוקי ליצירת מסמכים מדוא&quot;ל,
Select a valid Subject field for creating documents from Email,בחר שדה נושא חוקי ליצירת מסמכים מדוא&quot;ל,
Select an Image,בחר תמונה,
Select an app to continue,בחר אפליקציה כדי להמשיך,
Select an existing format to edit or start a new format.,בחר בפורמט קיים כדי לערוך או להתחיל בפורמט חדש.,
Select an image of approx width 150px with a transparent background for best results.,בחר תמונה של רוחב כ 150px עם רקע שקוף לתוצאות הטובות ביותר.,
Select atleast 1 record for printing,בחר רשומה לפחות 1 להדפסה,
Select atleast 2 actions,בחר לפחות 2 פעולות,
Select list item,בחר פריט ברשימה,Description of a list view shortcut
Select multiple list items,בחר מספר פריטי רשימה,Description of a list view shortcut
Select or drag across time slots to create a new event.,בחר או גרור על פני חריצי זמן כדי ליצור אירוע חדש.,
Select records for assignment,רשומות בחרו למשימה,
Select records for removing assignment,בחר רשומות להסרת הקצאה,
Select the label after which you want to insert new field.,בחר את התווית לאחר שרצונך להוסיף שדה חדש.,
Select two versions to view the diff.,בחר שתי גרסאות כדי להציג את ההבדל.,
Select {0},בחר {0},
Self approval is not allowed,אישור עצמי אסור,
Send,שלח,
Send After,שלח אחרי,
Send Alert On,שלח התראה ב,
Send Email Alert,שלח התראה בדוא&quot;ל,
Send Email At,שלח אימייל ב-,
Send Email Print Attachments as PDF (Recommended),"שלח קבצים מצורפים הדפסת דוא""ל כקובץ PDF (מומלץ)",
Send Email for Successful Backup,שלח דוא&quot;ל לצורך גיבוי מוצלח,
Send Email for Successful backup,שלח דוא&quot;ל לגיבוי מוצלח,
Send Me A Copy of Outgoing Emails,שלח לי עותק של הודעות דוא&quot;ל יוצאות,
Send Notification To,שלח הודעה ל,
Send Notification to,שלח הודעה אל,
Send Notifications For Documents Followed By Me,שלח התראות למסמכים שאחריהם,
Send Notifications For Email Threads,שלח התראות לשרשורי דוא&quot;ל,
Send Notifications To,לשלוח הודעות ל,
Send Now,שלח עכשיו,
Send Print as PDF,שלח הדפסה כקובץ PDF,
Send Read Receipt,שלח קבלת קריאה,
Send System Notification,שלח הודעת מערכת,
Send Test Email,שלח אימייל לבדיקה,
Send To All Assignees,שלח לכל המקבלים,
Send Unsubscribe Link,שלח קישור ביטול מנוי,
Send Web View Link,שלח קישור לתצוגת אינטרנט,
Send Welcome Email,שלח ברוכים הבאים,
Send a request to delete your account,שלח בקשה למחיקת חשבונך,
Send a test email,שלח אימייל לבדיקה,
Send again,שלח שוב,
Send alert if date matches this field's value,שלח התראה אם תאריך מתאים הערך של תחום זה,
Send alert if this field's value changes,שלח התראה אם השינויים בשווי של תחום זה,
Send an email reminder in the morning,"שלח תזכורת בדוא""ל בבוקר",
Send days before or after the reference date,שלח ימים לפני או אחרי תאריך ההתייחסות,
Send enquiries to this email address,"שלח פניות לכתובת דוא""ל זו",
Send login link,שלח קישור כניסה,
Send me a copy,שלח לי עותק,
Send now,שלח עכשיו,
Send only if there is any data,שלח רק אם יש נתונים כלשהם,
Send unsubscribe message in email,שלח הודעת ביטול רישום בדוא&quot;ל,
Sender,שולח,
Sender Email,דוא&quot;ל שולח,
Sender Email Field,שדה דוא&quot;ל של השולח,
Sender Field should have Email in options,שדה השולח צריך לכלול דוא&quot;ל באפשרויות,
Sender Name,שם השולח,
Sender Name Field,שדה שם השולח,
Sendgrid,Sendgrid,
Sending,שליחה,
Sending emails,שליחת מיילים,
Sending...,שליחה...,
Sent,נשלח,
Sent Folder Name,שם התיקייה שנשלחה,
Sent Read Receipt,קבלת קריאה נשלחה,
Sent or Received,נשלח או התקבל,
Sent/Received Email,דוא&quot;ל שנשלח / התקבל,
Separator,מפריד,
Sequence Id,מזהה רצף,
Series List for this Transaction,רשימת סדרות לעסקה זו,
Series Updated for {},הסדרה עודכנה עבור {},
Series counter for {} updated to {} successfully,מונה הסדרה עבור {} עודכן ל-{} בהצלחה,
Series {0} already used in {1},סדרת {0} כבר בשימוש {1},
Server Action,פעולת שרת,
Server Error,שגיאת שרת,
Server IP,IP של שרת,
Server Script,סקריפט שרת,
Server Scripts are disabled. Please enable server scripts from bench configuration.,סקריפטים של שרת מושבתים. אנא הפעל סקריפטים של שרת מתצורת הספסל.,
Server Scripts feature is not available on this site.,תכונת סקריפטים של שרת אינה זמינה באתר זה.,
Server was too busy to process this request. Please try again.,השרת היה עסוק מכדי לעבד בקשה זו. אנא נסה שוב.,
Service,שירות,
Session Default,ברירת מחדל של מושב,
Session Default Settings,הגדרות ברירת מחדל של מושב,
Session Defaults,ברירות מחדל של מושב,
Session Defaults Saved,ברירת המחדל של מושב נשמרה,
Session Expired,המושב פג,
Session Expiry (idle timeout),תפוגה של הפעלה (זמן קצוב לא פעיל),
Session Expiry must be in format {0},מושב תפוגה חייבת להיות בפורמט {0},
Set,הגדר,
Set Banner from Image,באנר להגדיר מתמונה,
Set Chart,הגדר תרשים,
"Set Default Options for all charts on this Dashboard (Ex: ""colors"": [""#d1d8dd"", ""#ff5858""])","הגדר אפשרויות ברירת מחדל עבור כל התרשימים בלוח המחוונים הזה (לדוגמה: &quot;צבעים&quot;: [&quot;# d1d8dd&quot;, &quot;# ff5858&quot;])",
Set Dynamic Filters,הגדר מסננים דינמיים,
Set Filters,הגדר מסננים,
Set Filters for {0},הגדר מסננים עבור {0},
Set Limit,הגדר מגבלה,
Set Naming Series options on your transactions.,הגדר אפשרויות של סדרת שמות בעסקאות שלך.,
Set New Password,להגדיר סיסמא חדשה,
Set Number of Backups,הגדר מספר גיבויים,
Set Password,הגדרת סיסמא,
Set Permissions,הגדר הרשאות,
Set Properties,הגדר מאפיינים,
Set Property After Alert,הגדר נכס לאחר התראה,
Set Quantity,כמות שנקבעה,
Set Role For,הגדר תפקיד עבור,
Set User Permissions,הרשאות משתמש להגדיר,
Set Value,ערך שנקבע,
Set all private,הגדר הכל פרטי,
Set all public,הגדר את כל הציבור,
Set as Default,קבע כברירת מחדל,
Set as Default Theme,הגדר כנושא ברירת מחדל,
Set by user,מוגדר על ידי משתמש,
Set dynamic filter values in JavaScript for the required fields here.,הגדר כאן ערכי מסנן דינמיים ב-JavaScript עבור השדות הנדרשים.,
Set non-standard precision for a Float or Currency field,דיוק לא סטנדרטי שנקבע לשדה Float או מטבע,
Set only once,מוגדר פעם אחת בלבד,
Set size in MB,הגדר גודל ב-MB,
"Set the filters here. For example:
<pre class=""small text-muted""><code>
[{
	fieldname: ""company"",
	label: __(""Company""),
	fieldtype: ""Link"",
	options: ""Company"",
	default: frappe.defaults.get_user_default(""Company""),
	reqd: 1
},
{
	fieldname: ""account"",
	label: __(""Account""),
	fieldtype: ""Link"",
	options: ""Account"",
	reqd: 1
}]
</code></pre>","הגדר את המסננים כאן. לדוגמה:
<pre class=""small text-muted"" style="";text-align:right;direction:rtl""> <code>
[{
 fieldname: &quot;company&quot;,
 label: __(&quot;Company&quot;),
 fieldtype: &quot;Link&quot;,
 options: &quot;Company&quot;,
 default: frappe.defaults.get_user_default(&quot;Company&quot;),
 reqd: 1
},
{
 fieldname: &quot;account&quot;,
 label: __(&quot;Account&quot;),
 fieldtype: &quot;Link&quot;,
 options: &quot;Account&quot;,
 reqd: 1
}]
</code></pre>",
Setting,סביבה,
Setting this Address Template as default as there is no other default,הגדרת תבנית כתובת זו כברירת מחדל כפי שאין ברירת מחדל אחרת,
Setting up Global Search documents.,הגדרת מסמכי חיפוש גלובלי.,
Setting up your system,הגדרת המערכת שלך,
Settings,הגדרות,
Settings Dropdown,נפתח הגדרות,
Settings for Contact Us Page,הגדרות לצורו קשר דף,
Settings for the About Us Page,הגדרות עבורנו העמוד אודות,
Settings to control blog categories and interactions like comments and likes,הגדרות לשליטה בקטגוריות ובאינטראקציות של בלוגים כמו הערות ולייקים,
Setup,התקנה,
Setup > Customize Form,הגדרה&gt; התאמה אישית של טופס,
Setup > User,הגדרה&gt; משתמש,
Setup > User Permissions,הגדרה&gt; הרשאות משתמש,
Setup Auto Email,הגדרת דוא&quot;ל אוטומטי,
Setup Complete,התקנה מלאה,
Setup Series for transactions,סדרת הגדרות עבור עסקאות,
Setup Wizard,אשף התקנה,
Setup failed,ההגדרה נכשלה,
Share,לחלוק,
Share With,שתף עם,
Share this document with,שתף מסמך זה עם,
Share {0} with,שתף {0} עם,
Shared,משותף,
Shared with the following Users with Read access:{0},שותף עם המשתמשים הבאים עם גישה לקריאה: {0},
Shipping,משלוח,
Shipping Address,כתובת למשלוח,
Shop,חנות,
Short Name,שם קצר,
Short keyboard patterns are easy to guess,דפוסי מקלדת קצרים קלים לנחש,
Shortcuts,קיצורי דרך,
Show,הופעה,
"Show ""Call to Action"" in Blog",הצג את &quot;קריאה לפעולה&quot; בבלוג,
Show Absolute Values,הצג ערכים מוחלטים,
Show All,הצג הכל,
Show Attachments,הראה קבצים מצורפים,
Show Calendar,הצג לוח שנה,
Show Currency Symbol on Right Side,הצג את סמל המטבע בצד ימין,
Show Dashboard,הצג לוח מחוונים,
Show Document,הצג מסמך,
Show Error,הצג שגיאה,
Show Fieldname (click to copy on clipboard),הצג שם שדה (לחץ כדי להעתיק בלוח),
Show First Document Tour,הצג סיור במסמך ראשון,
Show Form Tour,הצג סיור טפסים,
Show Full Error and Allow Reporting of Issues to the Developer,הראה שגיאה מלאה ואפשר דיווח על בעיות למפתח,
Show Full Form?,להציג טופס מלא?,
Show Keyboard Shortcuts,הצג קיצורי מקשים,
Show Labels,הצג תוויות,
Show Language Picker,הצג את בוחר השפה,
Show Line Breaks after Sections,הצג מעברי שורה לאחר קטעים,
Show List,הצג רשימה,
Show More Activity,הצג יותר פעילות,
Show Only Failed Logs,הצג רק יומנים שנכשלו,
Show Percentage Stats,הצג אחוז נתונים סטטיסטיים,
Show Permissions,הרשאות צג,
Show Preview,הצג תצוגה מקדימה,
Show Preview Popup,הצג חלון קופץ לתצוגה מקדימה,
Show Processlist,הצג רשימת תהליכים,
Show Related Errors,הצג שגיאות קשורות,
Show Report,הצג דוח,
Show Saved,הצג נשמר,
Show Section Headings,הראה כותרות מדורים,
Show Sidebar,הראה את סרגל הצד,
Show Tags,הצג תגיות,
Show Title,כותרת הצג,
Show Title in Link Fields,הצג כותרת בשדות קישור,
Show Totals,הצג סך הכל,
Show Tour,הצג סיור,
Show Traceback,הראה מסלול,
Show Warnings,הצג אזהרות,
Show Weekends,הצגת סופי שבוע,
Show account deletion link in My Account page,הצג קישור למחיקת חשבון בדף החשבון שלי,
Show all Versions,הראה את כל הגרסאות,
Show all activity,הצג את כל הפעילות,
Show all blogs,הצג את כל הבלוגים,
Show as cc,הצג כסמ&quot;ש,
Show footer on login,הצג כותרת תחתונה בכניסה,
Show full form instead of a quick entry modal,הצג טופס מלא במקום מודל כניסה מהיר,
Show in Module Section,הצג במדור המודולים,
Show in filter,הצג במסנן,
Show link to document,הצג קישור למסמך,
Show more details,הצג פרטים נוספים,
Show on Timeline,הצג בציר הזמן,
Show percentage difference according to this time interval,הראה הבדל באחוזים על פי מרווח זמן זה,
"Show title in browser window as ""Prefix - title""",כותרת הצג בחלון דפדפן כמו &quot;קידומת - כותרת&quot;,
Show {0} List,הצג רשימה של {0},
Showing only Numeric fields from Report,מציג רק שדות מספריים מתוך הדוח,
Showing only first {0} rows out of {1},מציג רק {0} שורות ראשונות מתוך {1},
Sidebar,סרגל צד,
Sidebar Items,פריטים Sidebar,
Sidebar Settings,הגדרות סרגל הצד,
Sidebar and Comments,סרגל הצד והערות,
Sign Up and Confirmation,הרשמה ואישור,
Sign Up is disabled,ההרשמה מושבתת,
Sign up,להירשם,
Sign ups,הרשמות,
Signature,חתימה,
Signup Disabled,ההרשמה מושבתת,
Signups have been disabled for this website.,ההרשמות הושבתו עבור אתר זה.,
"Simple Python Expression, Example: Status in (""Closed"", ""Cancelled"")","ביטוי פייתון פשוט, דוגמה: סטטוס ב (&quot;סגור&quot;, &quot;בוטל&quot;)",
"Simple Python Expression, Example: Status in (""Invalid"")","ביטוי פייתון פשוט, דוגמה: סטטוס ב (&quot;לא חוקי&quot;)",
"Simple Python Expression, Example: status == 'Open' and type == 'Bug'","ביטוי פשוט של פייתון, דוגמה: status == &#39;פתח&#39; והקלד == &#39;Bug&#39;",
Simultaneous Sessions,מושבים סימולטניים,
Single DocTypes cannot be customized.,לא ניתן להתאים אישית סוג DocTypes יחיד.,
Single Types have only one record no tables associated. Values are stored in tabSingles,יש סוגים בודדים רק שיא אחד אין טבלאות קשורות. ערכים מאוחסנים בtabSingles,
"Site is running in read only mode for maintenance or site update, this action can not be performed right now. Please try again later.","האתר פועל במצב קריאה בלבד לצורך תחזוקה או עדכון אתר, לא ניתן לבצע פעולה זו כעת. אנא נסה שוב מאוחר יותר.",
Size,גודל,
Size (MB),גודל (MB),
Skip,לדלג,
Skip Authorization,דלג על אישור,
Skip Step,דלג על שלב,
Skipped,דילג,
Skipping Duplicate Column {0},דילוג על עמודות כפולות {0},
Skipping Untitled Column,דילוג על עמודה ללא כותרת,
Skipping column {0},מדלגת על עמודה {0},
Skipping fixture syncing for doctype {0} from file {1},דילוג על סנכרון התקנים עבור doctype {0} מהקובץ {1},
"Skipping {0} of {1}, {2}","דילוג על {0} מתוך {1}, {2}",
Skype,סקייפ,
Slack,רפוי,
Slack Channel,ערוץ רפוי,
Slack Webhook Error,שגיאת Webhook רפויה,
Slack Webhook URL,כתובת אתר רפויה של Webhook,
Slideshow,מצגת,
Slideshow Items,פריטים מצגת,
Slideshow Name,שם מצגת,
Slideshow like display for the website,מצגת כמו תצוגה עבור אתר האינטרנט,
Small Text,טקסט קטן,
Smallest Currency Fraction Value,ערך שבר מטבע הקטן ביותר,
Smallest circulating fraction unit (coin). For e.g. 1 cent for USD and it should be entered as 0.01,היחידה הקטנה ביותר במחזור החלק (מטבע). לדוגמא 1 סנט לדולר וזה צריך להיות נכנס כ0.01,
Snippet and more variables:  {0},קטע קוד ומשתנים נוספים: {0},
Social,חברתי,
Social Link Settings,הגדרות קישור חברתי,
Social Link Type,סוג קישור חברתי,
Social Login Key,מפתח כניסה חברתית,
Social Login Provider,ספק כניסה חברתית,
Social Logins,כניסות חברתיות,
SocketIO Ping Check,SocketIO Ping Check,
SocketIO Transport Mode,מצב תחבורה SocketIO,
Soft-Bounced,Bounced-רך,
Some columns might get cut off when printing to PDF. Try to keep number of columns under 10.,עמודות מסוימות עשויות להתנתק בעת הדפסה ל- PDF. נסה לשמור על מספר העמודות מתחת ל -10.,
"Some mailboxes require a different Sent Folder Name e.g. ""INBOX.Sent""","תיבות דואר מסוימות דורשות שם תיקייה שנשלחה שונה, למשל &quot;INBOX.Sent&quot;",
Some of the features might not work in your browser. Please update your browser to the latest version.,ייתכן שחלק מהתכונות לא פועלות בדפדפן שלך. אנא עדכן את הדפדפן לגרסה האחרונה.,
Something went wrong,משהו השתבש,
Something went wrong during the token generation. Click on {0} to generate a new one.,משהו השתבש במהלך דור האסימונים. לחץ על {0} כדי ליצור אחד חדש.,
Something went wrong.,משהו השתבש.,
Sorry! I could not find what you were looking for.,סליחה! לא הצלחתי למצוא את מה שחיפשת.,
Sorry! You are not permitted to view this page.,סליחה! אתה אינו רשאי לצפות בדף זה.,
Sort Ascending,מיין עולה,
Sort Descending,מיין יורד,
Sort Field,שדה מיין,
Sort Options,אפשרויות מיון,
Sort Order,סדר מיון,
Sort field {0} must be a valid fieldname,שדה המיון {0} חייב להיות שם שדה חוקי,
Source,מקור,
Source Name,שם המקור,
Source Text,טקסט מקור,
Spacer,מרווח,
Spam,ספאם,
SparkPost,SparkPost,
Special Characters are not allowed,תווים מיוחדים אינם מורשים,
"Special Characters except '-', '#', '.', '/', '{{' and '}}' not allowed in naming series {0}","{0} תווים מיוחדים למעט &quot;-&quot;, &quot;#&quot;, &quot;.&quot;, &quot;/&quot;, &quot;{{&quot; ו- &quot;}}&quot; אינם מורשים בסדרות שמות",
"Specify a custom timeout, default timeout is 1500 seconds","ציין פסק זמן מותאם אישית, פסק זמן ברירת המחדל הוא 1500 שניות",
"Specify the domains or origins that are permitted to embed this form. Enter one domain per line (e.g., https://example.com). If no domains are specified, the form can only be embedded on the same origin.","ציין את הדומיינים או המקורות המורשים להטמיע טופס זה. הזן דומיין אחד בכל שורה (למשל, https://example.com). אם לא צוינו דומיינים, ניתן להטמיע את הטופס רק על אותו מקור.",
Splash Image,תמונת Splash,
Sr,סר,
Sr No.,Sr No.,
Stack Trace,Stack Trace,
Standard,סטנדרטי,
Standard DocType can not be deleted.,לא ניתן למחוק את DocType הסטנדרטי.,
"Standard DocType cannot have default print format, use Customize Form","DocType רגיל לא יכול להיות בפורמט הדפסה ברירת מחדל, השתמש בטופס התאמה אישית",
Standard Not Set,תקן לא מוגדר,
Standard Permissions,הרשאות סטנדרטיות,
Standard Print Format cannot be updated,פורמט הדפסה סטנדרטי לא ניתן לעדכן,
Standard Print Style cannot be changed. Please duplicate to edit.,לא ניתן לשנות את סגנון ההדפסה הסטנדרטי. אנא שכפל כדי לערוך.,
Standard Reports cannot be deleted,לא ניתן למחוק דוחות סטנדרטיים,
Standard Reports cannot be edited,לא ניתן לערוך דוחות סטנדרטיים,
Standard Sidebar Menu,תפריט סרגל צדדי סטנדרטי,
"Standard Web Forms can not be modified, duplicate the Web Form instead.","לא ניתן לשנות טפסי אינטרנט סטנדרטיים, שכפל את טופס האינטרנט במקום זאת.",
Standard rich text editor with controls,עורך טקסט עשיר רגיל עם פקדים,
Standard roles cannot be disabled,תפקידים רגילים לא יכולים להיות נכה,
Standard roles cannot be renamed,לא ניתן לשנות את שם תפקידים סטנדרטיים,
Standard user type {0} can not be deleted.,לא ניתן למחוק את סוג המשתמש הרגיל {0}.,
Standings,עמדות,
Star us on GitHub,סמן אותנו ב-GitHub,
Start,התחל,
Start Date,תאריך ההתחלה,
Start Date Field,שדה תאריך התחלה,
Start Import,התחל לייבא,
Start Recording,התחל להקליט,
Start Time,זמן התחלה,
Start a new discussion,התחל דיון חדש,
Start entering data below this line,להתחיל בהזנת נתונים מתחת לקו זה,
Start new Format,התחל פורמט חדש,
StartTLS,StartTLS,
Started,התחיל,
Started At,התחיל ב,
Starting Frappe ...,מתחיל את פראפה ...,
Starts on,מתחיל ב,
State,מדינה,
State Properties,נכסי מדינה,
State/Province,מדינה / מחוז,
States,הברית,
Static Parameters,פרמטרים סטטיים,
Statistics,סטטיסטיקה,
Stats,סטטיסטיקה,
Stats Time Interval,מרווח זמן סטטיסטי,
Stats based on last month's performance (from {0} to {1}),נתונים סטטיסטיים על סמך הביצועים בחודש שעבר (מ- {0} עד {1}),
Stats based on last week's performance (from {0} to {1}),נתונים על סמך הביצועים בשבוע שעבר (מ- {0} עד {1}),
Status,סטטוס,
Status Updated,הסטטוס עודכן,
Status: {0},סטטוס: {0},
Step,שלב,
Steps,צעדים,
Steps to verify your login,שלבים לאימות הכניסה שלך,
Stop,להפסיק,
Stopped,נעצר,
Storage Usage (MB),שימוש באחסון (MB),
Storage Usage By Table,שימוש באחסון לפי טבלה,
Store Attached PDF Document,אחסן מסמך PDF מצורף,
Stores the JSON of last known versions of various installed apps. It is used to show release notes.,חנויות JSON של הגרסאות האחרונות ידועות של יישומים מותקנים שונים. הוא משמש כדי להראות הערות שחרור.,
Stores the datetime when the last reset password key was generated.,מאחסן את התאריך והשעה שבה נוצר מפתח הסיסמה האחרון לאיפוס.,
Straight rows of keys are easy to guess,בשורות ישרות מפתחות קלות לנחש,
Strip EXIF tags from uploaded images,הסר תגיות EXIF מתמונות שהועלו,
Strong,חזק,
Style,סגנון,
Style Settings,בהגדרות סגנון,
"Style represents the button color: Success - Green, Danger - Red, Inverse - Black, Primary - Dark Blue, Info - Light Blue, Warning - Orange","סגנון מייצג את צבען: הצלחה - ירוק, סכנה - אדום, הפוך - שחור, יסודי - כחול כהה, מידע - Light Blue, אזהרה - אורנג '",
Stylesheet,גיליון סגנונות,
"Sub-currency. For e.g. ""Cent""","תת מטבע. ל"" סנט ""למשל",
Sub-domain provided by erpnext.com,תת תחום הניתן על ידי erpnext.com,
Subdomain,תחום משנה,
Subject,נושא,
Subject Field,נושא שדה,
"Subject Field type should be Data, Text, Long Text, Small Text, Text Editor","סוג שדה הנושא צריך להיות נתונים, טקסט, טקסט ארוך, טקסט קטן, עורך טקסט",
Submission Queue,תור הגשה,
Submit,שלח,
Submit After Import,הגש לאחר הייבוא,
Submit an Issue,שלח גיליון,
Submit another response,שלח תגובה נוספת,Button in web form
Submit button label,תווית לחצן שלח,
Submit on Creation,שלח על הבריאה,
Submit this document to complete this step.,הגש מסמך זה להשלמת שלב זה.,
Submit this document to confirm,שלח את המסמך הזה כדי לאשר,
Submit {0} documents?,להגיש {0} מסמכים?,Title of confirmation dialog
Submitted,הוגש,
Submitted Document cannot be converted back to draft. Transition row {0},מסמך שהוגש לא ניתן להמיר חזרה לטיוטה. שורת מעבר {0},
Submitted document cannot be converted back to draft while transitioning from <b>{0} State</b> to <b>{1} State</b>,לא ניתן להמיר את המסמך שנשלח בחזרה לטיוטה בזמן המעבר ממצב <b>{0}</b> למצב <b>{1}</b>,
Submitting,הגשה,Freeze message while submitting a document
Submitting {0},מגיש {0},
Subsidiary,חברת בת,
Subtitle,כתוביות,
Success,הצלחה,
Success Action,פעולה הצלחה,
Success Message,ההצלחה Message,
Success URI,URI הצלחה,
Success URL,URL ההצלחה,
Success message,הודעת הצלחה,
Success title,כותרת הצלחה,
Success! You are good to go 👍,הצלחה! אתה טוב ללכת 👍,
Successful Job Count,ספירת עבודה מוצלחת,
Successful Transactions,עסקאות מוצלחות,
Successful: {0} to {1},מוצלח: {0} {1},
Successfully Done,בוצע בהצלחה,
Successfully Updated,עודכן בהצלחה,
Successfully imported {0},{0} יובא בהצלחה,
Successfully reset onboarding status for all users.,אפס בהצלחה את סטטוס ההצטרפות עבור כל המשתמשים.,
Successfully updated translations,תרגומים עודכנו בהצלחה,
Successfully updated {0},עודכן בהצלחה {0},
Successfully {0} 1 record.,בהצלחה {0} רשומה אחת.,
"Successfully {0} {1} record out of {2}. Click on Export Errored Rows, fix the errors and import again.","בהצלחה {0} {1} רשומה מתוך {2}. לחץ על ייצא שורות שגיאות, תקן את השגיאות וייבא שוב.",
"Successfully {0} {1} records out of {2}. Click on Export Errored Rows, fix the errors and import again.","בהצלחה {0} {1} רשומות מתוך {2}. לחץ על ייצא שורות שגיאות, תקן את השגיאות וייבא שוב.",
Successfully {0} {1} records.,{0} {1} רשומות בהצלחה.,
Suggest Optimizations,הצע אופטימיזציות,
Suggested Indexes,אינדקסים מוצעים,
Suggested Username: {0},שם משתמש מוצע: {0},
Sum,סכום,
Sum of {0},סכום של {0},
Summary,סיכום,
Sunday,יום ראשון,
Suspend Sending,השעיה את השליחה,
Switch Camera,החלף מצלמה,
Switch Theme,החלף ערכת נושא,
Switch To Desk,עבור לשולחן העבודה,
Switching Camera,החלפת מצלמה,
Symbol,סמל,
Sync,סינכרון,
Sync Calendar,סנכרן לוח שנה,
Sync Contacts,לסנכרן אנשי קשר,
Sync on Migrate,סנכרן בהעברה,
"Sync token was invalid and has been reset, Retry syncing.","אסימון הסנכרון היה לא חוקי ואופס, נסה שוב לסנכרן.",
Sync with Google Calendar,סנכרן עם יומן Google,
Sync with Google Contacts,סנכרן עם אנשי קשר של Google,
Sync {0} Fields,סנכרן {0} שדות,
Synced Fields,שדות מסונכרנים,
Syncing,סנכרון,
Syncing {0} of {1},מסנכרן {0} מתוך {1},
Syntax Error,שגיאת תחביר,
System,מערכת,
System Console,קונסולת המערכת,
System Generated Fields can not be renamed,לא ניתן לשנות את שמם של שדות שנוצרו על ידי המערכת,
System Health Report,דוח בריאות המערכת,
System Health Report Errors,שגיאות בדוח תקינות המערכת,
System Health Report Failing Jobs,דוח תקינות המערכת משרות נכשלות,
System Health Report Queue,תור דוחות בריאות המערכת,
System Health Report Tables,טבלאות דוחות תקינות המערכת,
System Health Report Workers,עובדי דו&quot;ח בריאות המערכת,
System Manager,מנהל מערכת,
System Manager privileges required.,נדרשות הרשאות מנהל מערכת.,
System Notification,הודעת מערכת,
System Notifications,הודעות מערכת,
System Page,דף מערכת,
System Settings,הגדרות מערכת,
System managers are allowed by default,מנהלי מערכות מורשים כברירת מחדל,
T,T,Number system
Tab Break,הפסקת כרטיסיות,
Tab Label,תווית לשונית,
Table,שולחן,
Table Break,הפסקת שולחן,
Table Field,שדה טבלה,
Table Fieldname,שם שדה טבלה,
Table Fieldname Missing,שם שדה טבלה חסר,
Table HTML,טבלת HTML,
Table MultiSelect,טבלה MultiSelect,
Table Trimmed,שולחן חתוך,
Table updated,טבלה מעודכנת,
Table {0} cannot be empty,שולחן {0} לא יכול להיות ריק,
Tabloid,טבלית,
Tag,תג,
Tag Link,קישור תגים,
Tags,תגיות,
Take Backup,קח גיבוי,
Take Backup Now,קח גיבוי עכשיו,
Take Photo,לצלם,
Target,יעד,
Task,משימה,
Team Members,חברי צוות,
Team Members Heading,חברי צוות בראש,
Team Members Subtitle,כתובית חברי צוות,
Telemetry,טלמטריה,
Template,תבנית,
Template Error,שגיאת תבנית,
Template File,קובץ תבנית,
Template Options,אפשרויות תבנית,
Template Warnings,אזהרות תבנית,
Templates,תבניות,
Temporarily Disabled,מושבת זמנית,
Test Data,נתוני בדיקה,
Test Job ID,מזהה עבודה בבדיקה,
Test Spanish,מבחן ספרדית,
Test email sent to {0},דוא&quot;ל הבדיקה נשלח אל {0},
Test_Folder,Test_Folder,
Text,טקסט,
Text Align,טקסט יישור,
Text Color,צבע טקסט,
Text Content,תוכן טקסט,
Text Editor,עורך טקסט,
Thank you,תודה לך,
Thank you for spending your valuable time to fill this form,תודה שהשקעת מזמנך היקר למילוי טופס זה,
Thank you for your email,"תודה על הדוא""ל שלך",
Thank you for your feedback!,תודה על המשוב שלך!,
Thank you for your interest in subscribing to our updates,תודה לך על התעניינותך במנוי לעדכונים שלנו,
Thank you for your message,תודה לך על ההודעה שלך,
Thanks,תודה,
The Auto Repeat for this document has been disabled.,החזרה האוטומטית עבור מסמך זה הושבתה.,
The CSV format is case sensitive,פורמט ה- CSV תלוי רישיות,
"The Client ID obtained from the Google Cloud Console under <a href=""https://console.cloud.google.com/apis/credentials"">
""APIs &amp; Services"" &gt; ""Credentials""
</a>","מזהה הלקוח שהתקבל מ-Google Cloud Console תחת <a href=""https://console.cloud.google.com/apis/credentials"">
&quot;ממשק API ושירותים&quot; &gt; &quot;אישורים&quot;
</a>",
The Condition '{0}' is invalid,התנאי &#39;{0}&#39; אינו חוקי,
The File URL you've entered is incorrect,כתובת ה-URL של הקובץ שהזנת שגויה,
The Push Relay Server URL key (`push_relay_server_url`) is missing in your site config,מפתח כתובת האתר של Push Relay Server (`push_relay_server_url`) חסר בתצורת האתר שלך,
The User record for this request has been auto-deleted due to inactivity by system admins.,רשומת המשתמש עבור בקשה זו נמחקה אוטומטית עקב חוסר פעילות של מנהלי מערכת.,
"The application has been updated to a new version, please refresh this page","היישום עודכן לגרסה חדשה, אנא רענן דף זה",
The application name will be used in the Login page.,שם האפליקציה ישמש בדף הכניסה.,
The attachments could not be correctly linked to the new document,לא ניתן היה לקשר כראוי את הקבצים המצורפים למסמך החדש,
"The browser API key obtained from the Google Cloud Console under <a href=""https://console.cloud.google.com/apis/credentials"">
""APIs &amp; Services"" &gt; ""Credentials""
</a>","מפתח ה-API של הדפדפן שהושג מ-Google Cloud Console תחת <a href=""https://console.cloud.google.com/apis/credentials"">
&quot;APIs &amp; Services&quot; &gt; &quot;Credentials&quot;
</a>",
The changes have been reverted.,השינויים בוטלו.,
The column {0} has {1} different date formats. Automatically setting {2} as the default format as it is the most common. Please change other values in this column to this format.,העמודה {0} כוללת {1} פורמטים שונים של תאריכים. הגדרה אוטומטית של {2} כפורמט ברירת המחדל כפי שהוא הנפוץ ביותר. אנא שנה ערכים אחרים בעמודה זו לפורמט זה.,
The comment cannot be empty,התגובה לא יכולה להיות ריקה,
The contents of this email are strictly confidential. Please do not forward this email to anyone.,תוכן האימייל הזה חסוי לחלוטין. נא לא להעביר את האימייל הזה לאף אחד.,
The count shown is an estimated count. Click here to see the accurate count.,הספירה המוצגת היא ספירה משוערת. לחץ כאן כדי לראות את הספירה המדויקת.,
The document could not be correctly assigned,לא ניתן היה להקצות את המסמך כהלכה,
The document has been assigned to {0},המסמך הוקצה ל- {0},
"The document type selected is a child table, so the parent document type is required.","סוג המסמך שנבחר הוא טבלת צאצא, ולכן נדרש סוג מסמך האב.",
The field {0} is mandatory,השדה {0} הוא חובה,
The fieldname you've specified in Attached To Field is invalid,שם השדה שציינת בשדה &#39;מצורף לשדה&#39; אינו חוקי,
The following Assignment Days have been repeated: {0},ימי ההקצאה הבאים חזרו על עצמם: {0},
The following Header Script will add the current date to an element in 'Header HTML' with class 'header-content',סקריפט הכותרת הבא יוסיף את התאריך הנוכחי לרכיב ב-&#39;Header HTML&#39; עם המחלקה &#39;header-content&#39;,
The following values are invalid: {0}. Values must be one of {1},הערכים הבאים אינם חוקיים: {0}. הערכים חייבים להיות אחד מתוך {1},
The following values do not exist for {0}: {1},הערכים הבאים אינם קיימים עבור {0}: {1},
The limit has not set for the user type {0} in the site config file.,המגבלה לא הוגדרה עבור סוג המשתמש {0} בקובץ תצורת האתר.,
The link will expire in {0} minutes,הקישור יפוג בעוד {0} דקות,
The link you trying to login is invalid or expired.,הקישור שאתה מנסה להיכנס אליו אינו חוקי או שפג תוקפו.,
"The meta description is an HTML attribute that provides a brief summary of a web page. Search engines such as Google often display the meta description in search results, which can influence click-through rates.","תיאור המטא הוא מאפיין HTML המספק סיכום קצר של דף אינטרנט. מנועי חיפוש כמו גוגל מציגים לעתים קרובות את תיאור המטא בתוצאות החיפוש, מה שיכול להשפיע על שיעורי הקליקים.",
"The meta image is unique image representing the content of the page. Images for this Card should be at least 280px in width, and at least 150px in height.",תמונת המטא היא תמונה ייחודית המייצגת את תוכן הדף. התמונות של כרטיס זה צריכות להיות ברוחב של 280 פיקסלים לפחות וגובהן 150 פיקסלים לפחות.,
The name that will appear in Google Calendar,השם שיופיע ביומן Google,
The next tour will start from where the user left off.,הסיור הבא יתחיל מהמקום בו הפסיק המשתמש.,
The number of seconds until the request expires,מספר השניות עד לפקיעת הבקשה,
The page you are looking for has gone missing.,הדף שאתה מחפש נעלם.,
The password of your account has expired.,פג תוקף הסיסמה של חשבונך.,
The process for deletion of {0} data associated with {1} has been initiated.,התהליך למחיקת {0} נתונים המשויכים ל- {1} החל.,
"The project number obtained from Google Cloud Console under <a href=""https://console.cloud.google.com/iam-admin/settings"">
""IAM &amp; Admin"" &gt; ""Settings""
</a>","מספר הפרויקט שהתקבל מ-Google Cloud Console תחת <a href=""https://console.cloud.google.com/iam-admin/settings"">
&quot;IAM &amp; Admin&quot; &gt; &quot;הגדרות&quot;
</a>",
The reset password link has been expired,פג תוקף הקישור לאיפוס הסיסמה,
The reset password link has either been used before or is invalid,הקישור לאיפוס הסיסמה היה בשימוש בעבר או שהוא לא חוקי,
The resource you are looking for is not available,המשאב שאתה מחפש אינו זמין,
The role {0} should be a custom role.,התפקיד {0} צריך להיות תפקיד מותאם אישית.,
The system is being updated. Please refresh again after a few moments.,המערכת מתעדכנת. אנא רענן שוב לאחר מספר רגעים.,
The system provides many pre-defined roles. You can add new roles to set finer permissions.,המערכת מספקת מספר רב של תפקידים מוגדרים מראש. אתה יכול להוסיף תפקידים חדשים כדי להגדיר הרשאות עדינות.,
The total column width cannot be more than 10.,רוחב העמודה הכולל לא יכול להיות יותר מ-10.,
The total number of user document types limit has been crossed.,מגבלת המספר הכולל של סוגי מסמכי המשתמש נחצה.,
The user from this field will be rewarded points,המשתמש משדה זה יקבל נקודות גמול,
The value you pasted was {0} characters long. Max allowed characters is {1}.,הערך שהדבקת היה באורך של {0} תווים. התווים המרבי המותר הוא {1}.,
The webhook will be triggered if this expression is true,ה- webhook יופעל אם ביטוי זה נכון,
The {0} is already on auto repeat {1},{0} כבר חוזר אוטומטית {1},
Theme,נושא,
Theme Changed,הנושא השתנה,
Theme Configuration,תצורת ערכת נושא,
Theme URL,כתובת אתר של נושא,
There are documents which have workflow states that do not exist in this Workflow. It is recommended that you add these states to the Workflow and change their states before removing these states.,ישנם מסמכים עם מצבי זרימת עבודה שאינם קיימים בתהליך עבודה זה. מומלץ להוסיף מצבים אלה לזרימת העבודה ולשנות את מצביהם לפני הסרת מצבים אלה.,
There are no upcoming events for you.,אין אירועים קרובים עבורך.,
"There are no {0} for this {1}, why don't you start one!","אין {0} עבור {1} זה, למה שלא תתחיל אחד!",
There are {0} with the same filters already in the queue:,ישנם {0} עם אותם פילטרים כבר בתור:,
There can be only 9 Page Break fields in a Web Form,יכולים להיות רק 9 שדות מעבר דף בטופס אינטרנט,
There can be only one Fold in a form,לא יכול להיות רק אחד מקפלים בצורה,
There is an error in your Address Template {0},יש שגיאת תבנית הכתובת שלך {0},
There is no data to be exported,אין נתונים לייצוא,
There is nothing new to show you right now.,אין שום דבר חדש להראות לך כרגע.,
There is some problem with the file url: {0},יש קצת בעיה עם כתובת אתר הקובץ: {0},
There is {0} with the same filters already in the queue:,יש {0} עם אותם פילטרים כבר בתור:,
There must be atleast one permission rule.,חייב להיות לפחות כלל הרשאה אחד.,
There was an error building this page,אירעה שגיאה בבניית דף זה,
There was an error saving filters,אירעה שגיאה בשמירת מסננים,
There were errors,היו שגיאות,
There were errors while creating the document. Please try again.,היו שגיאות בעת יצירת המסמך. בבקשה נסה שוב.,
There were errors while sending email. Please try again.,היו שגיאות בעת שליחת דואר אלקטרוני. אנא נסה שוב.,
"There were some errors setting the name, please contact the administrator","היו כמה טעויות הגדרה שם, אנא צור קשר עם המנהל",
There's nothing here,אין פה כלום,
These announcements will appear inside a dismissible alert below the Navbar.,הודעות אלה יופיעו בתוך התראה ניתנת לביטול מתחת לסרגל הניווט.,
These settings are required if 'Custom' LDAP Directory is used,הגדרות אלו נדרשות אם נעשה שימוש במדריך LDAP &#39;מותאם אישית&#39;,
These values will be automatically updated in transactions and also will be useful to restrict permissions for this user on transactions containing these values.,ערכים אלה יהיו מעודכנים באופן אוטומטי בעסקות וגם יהיה שימושי כדי להגביל הרשאות למשתמש זה על עסקות המכילות את הערכים הללו.,
Third Party Apps,אפליקציות של צד שלישי,
Third Party Authentication,הצד שלישי אימות,
This Currency is disabled. Enable to use in transactions,מטבע זו אינו זמין. אפשר להשתמש בעסקות,
This Doctype does not contain latitude and longitude fields,Doctype זה אינו מכיל שדות קווי רוחב וקו אורך,
This Doctype does not contain location fields,Doctype זה אינו מכיל שדות מיקום,
This Kanban Board will be private,לוח קנבן זה יהיה פרטי,
This Month,החודש,
This Quarter,הרבע הזה,
This Week,השבוע,
This Year,השנה,
This action is irreversible. Do you wish to continue?,פעולה זו היא בלתי הפיכה. האם ברצונך להמשיך?,
This action is only allowed for {},פעולה זו מותרת רק עבור {},
This cannot be undone,אי אפשר לבטל את זה,
This card will be available to all Users if this is set,כרטיס זה יהיה זמין לכל המשתמשים אם זה מוגדר,
This chart will be available to all Users if this is set,תרשים זה יהיה זמין לכל המשתמשים אם הדבר מוגדר,
This doctype has no orphan fields to trim,לDocType זה אין שדות יתומים לחתוך,
"This doctype has pending migrations, run 'bench migrate' before modifying the doctype to avoid losing changes.","ל-doctype הזה יש העברות ממתינות, הפעל את &#39;bench migrate&#39; לפני שינוי ה-doctype כדי למנוע אובדן שינויים.",
"This document allows you to edit limited fields. For all kinds of workspace customization, use the Edit button located on the workspace page","מסמך זה מאפשר לך לערוך שדות מוגבלים. עבור כל מיני התאמה אישית של סביבת עבודה, השתמש בלחצן עריכה שנמצא בדף סביבת העבודה",
This document can not be deleted right now as it's being modified by another user. Please try again after some time.,לא ניתן למחוק מסמך זה כעת מכיוון שהוא עובר שינוי על ידי משתמש אחר. אנא נסה שוב לאחר זמן מה.,
This document cannot be reverted,לא ניתן לבטל את המסמך הזה,
This document has been modified after the email was sent.,מסמך זה שונה לאחר שנשלח הדוא&quot;ל.,
This document has been reverted,מסמך זה הוחזר,
This document has unsaved changes which might not appear in final PDF. <br> Consider saving the document before printing.,"במסמך זה יש שינויים שלא נשמרו, שאולי לא יופיעו ב-PDF הסופי.<br> שקול לשמור את המסמך לפני ההדפסה.",
"This document is already amended, you cannot ammend it again","מסמך זה כבר תוקן, אינך יכול לתקן אותו שוב",
This document is currently locked and queued for execution. Please try again after some time.,מסמך זה נעול כעת ומתור לביצוע. אנא נסה שוב לאחר זמן מה.,
This email is autogenerated,דוא&quot;ל זה נוצר באופן אוטומטי,
"This feature can not be used as dependencies are missing.
				Please contact your system manager to enable this by installing pycups!","לא ניתן להשתמש בתכונה זו מכיוון שחסרות תלות.
 אנא צור קשר עם מנהל המערכת שלך כדי לאפשר זאת על ידי התקנת pycups!",
This feature is brand new and still experimental,תכונה זו היא חדשה ועדיין ניסיונית,
"This field will appear only if the fieldname defined here has value OR the rules are true (examples):
myfield
eval:doc.myfield=='My Value'
eval:doc.age&gt;18","שדה זה יופיע רק אם לשם השדה המוגדר כאן יש ערך או שהכללים אמיתיים (דוגמאות):
myfield
eval:doc.myfield==&#39;הערך שלי&#39;
eval:doc.age&gt;18",
This file is public. It can be accessed without authentication.,הקובץ הזה ציבורי. ניתן לגשת אליו ללא אימות.,
This form has been modified after you have loaded it,טופס זה השתנה לאחר שהעמסת אותו,
This form is not editable due to a Workflow.,טופס זה אינו ניתן לעריכה עקב זרימת עבודה.,
This format is used if country specific format is not found,פורמט זה משמש אם פורמט ספציפי למדינה לא נמצא,
This goes above the slideshow.,זה הולך מעל המצגת.,
This is a background report. Please set the appropriate filters and then generate a new one.,זהו דו&quot;ח רקע. אנא הגדר את המסננים המתאימים ואז צור אחד חדש.,
This is a top-10 common password.,זוהי סיסמה נפוצה העליון -10.,
This is a top-100 common password.,זוהי סיסמא נפוצה עליונים 100.,
This is a very common password.,זוהי סיסמה נפוצה מאוד.,
This is a virtual doctype and data is cleared periodically.,זהו doctype וירטואלי והנתונים נמחקים מעת לעת.,
This is an automatically generated reply,זוהי תשובה שנוצרה באופן אוטומטי,
This is an example Google SERP Preview.,זו דוגמה לתצוגה מקדימה של SERP בגוגל.,
This is similar to a commonly used password.,זה דומה סיסמא נפוצה.,
This is the number of the last created transaction with this prefix,זהו המספר של העסקה יצרה האחרונה עם קידומת זו,
This link has already been activated for verification.,קישור זה כבר הופעל לצורך אימות.,
This link is invalid or expired. Please make sure you have pasted correctly.,קישור זה אינו חוקי או שפג תוקף. אנא ודא שיש לך להדביק בצורה נכונה.,
This may get printed on multiple pages,זה עשוי להיות מודפס במספר עמודים,
This month,החודש,
This newsletter is scheduled to be sent on {0},ניוזלטר זה מתוכנן להישלח ב-{0},
This newsletter was scheduled to send on a later date. Are you sure you want to send it now?,ניוזלטר זה היה אמור להישלח במועד מאוחר יותר. האם אתה בטוח שאתה רוצה לשלוח אותו עכשיו?,
"This report contains {0} rows and is too big to display in browser, you can {1} this report instead.","דוח זה מכיל {0} שורות והוא גדול מדי להצגה בדפדפן, אתה יכול {1} דוח זה במקום זאת.",
This report was generated on {0},דוח זה נוצר בתאריך {0},
This report was generated {0}.,דוח זה נוצר {0}.,
This request has not yet been approved by the user.,בקשה זו טרם אושרה על ידי המשתמש.,
"This site is in read only mode, full functionality will be restored soon.","אתר זה נמצא במצב קריאה בלבד, הפונקציונליות המלאה תשוחזר בקרוב.",
This site is running in developer mode. Any change made here will be updated in code.,אתר זה פועל במצב מפתח. כל שינוי שיבוצע כאן יתעדכן בקוד.,
This title will be used as the title of the webpage as well as in meta tags,כותרת זו תשמש ככותרת של דף האינטרנט וכן בתגיות מטא,
This value is fetched from {0}'s {1} field,ערך זה מאוחזר מהשדה {1} של {0},
"This will be automatically generated when you publish the page, you can also enter a route yourself if you wish","זה ייווצר באופן אוטומטי כשתפרסם את הדף, תוכל גם להזין מסלול בעצמך אם תרצה בכך",
This will be shown in a modal after routing,זה יוצג במודל לאחר הניתוב,
This will be shown to the user in a dialog after routing to the report,זה יוצג למשתמש בדיאלוג לאחר ניתוב לדוח,
This will log out {0} from all other devices,פעולה זו תתנתק {0} מכל המכשירים האחרים,
This will permanently remove your data.,פעולה זו תסיר את הנתונים שלך לצמיתות.,
This will reset this tour and show it to all users. Are you sure?,זה יאפס את הסיור הזה ויציג אותו לכל המשתמשים. אתה בטוח?,
Throttled,מצערת,
Thumbnail URL,כתובת תמונה ממוזערת,
Thursday,יום חמישי,
Time,זמן,
Time Format,פורמט זמן,
Time Interval,מרווח זמן,
Time Series,סדרת זמן,
Time Series Based On,סדרות זמן מבוססות על,
Time Taken,זמן נלקח,
Time Window (Seconds),חלון זמן (שניות),
Time Zone,אזור הזמן,
Time Zones,אזורי זמן,
Time format,פורמט זמן,
Time in Queries,זמן בשאילתות,
Time in seconds to retain QR code image on server. Min:<strong>240</strong>,זמן בשניות לשמירת תמונת קוד QR בשרת. דקה: <strong>240</strong>,
Time series based on is required to create a dashboard chart,סדרות זמן המבוססות על נדרשות ליצירת תרשים לוח מחוונים,
Time {0} must be in format: {1},הזמן {0} חייב להיות בפורמט: {1},
Timed Out,פסק זמן,
Timeless Night,לילה נצחי,
Timeline,ציר זמן,
Timeline DocType,DOCTYPE ציר הזמן,
Timeline Field,שדה ציר זמן,
Timeline Links,קישורי ציר הזמן,
Timeline Name,שם ציר זמן,
Timeline field must be a Link or Dynamic Link,שדה ציר הזמן חייב להיות קישור או קישור דינמי,
Timeline field must be a valid fieldname,שדה ציר הזמן חייב להיות fieldname תקף,
Timeout,פסק זמן,
Timeout (In Seconds),פסק זמן (בשניות),
Timeseries,סדרת זמן,
Timespan,טווח זמן,
Timestamp,חותמת,
Title,כותרת,
Title Field,כותרת שדה,
Title Prefix,כותרת קידומת,
Title field must be a valid fieldname,כותרת שדה חייב להיות תקף fieldname,
Title of the page,כותרת העמוד,
To,ל,
To Date,לתאריך,
To Date Field,לשדה תאריך,
To Do,לעשות,
To User,למשתמש,
To allow more reports update limit in System Settings.,כדי לאפשר דוחות נוספים מגבלת עדכון בהגדרות מערכת.,
To and CC,אל ו- CC,
"To begin the date range at the start of the chosen period. For example, if 'Year' is selected as the period, the report will start from January 1st of the current year.","כדי להתחיל את טווח התאריכים בתחילת התקופה שנבחרה. לדוגמה, אם &#39;שנה&#39; נבחרה כתקופה, הדוח יתחיל מה-1 בינואר של השנה הנוכחית.",
"To configure Auto Repeat, enable ""Allow Auto Repeat"" from {0}.","להגדרת חזרה אוטומטית, הפעל את האפשרות &quot;אפשר חזרה אוטומטית&quot; מ- {0}.",
To enable it follow the instructions in the following link: {0},כדי לאפשר זאת פעל לפי ההוראות בקישור הבא: {0},
"To enable server scripts, read the {0}.","כדי להפעיל סקריפטים של שרת, קרא את {0}.",
"To export this step as JSON, link it in a Onboarding document and save the document.","כדי לייצא שלב זה כ-JSON, קשר אותו במסמך Onboarding ושמור את המסמך.",
"To get the updated report, click on {0}.","כדי לקבל את הדוח המעודכן, לחץ על {0}.",
To manage your authorized third party apps,כדי לנהל את אפליקציות הצד השלישי המורשות שלך,
To print output use <code>print(text)</code>,כדי להדפיס פלט השתמש <code>print(text)</code>,
"To set the role {0} in the user {1}, kindly set the {2} field as {3} in one of the {4} record.","כדי להגדיר את התפקיד {0} במשתמש {1}, אנא הגדר את השדה {2} בתור {3} באחת מהרשומות {4}.",
"To use Google Calendar, enable {0}.","כדי להשתמש ביומן Google, הפעל את האפשרות {0}.",
"To use Google Contacts, enable {0}.","כדי להשתמש באנשי הקשר של Google, הפעל את האפשרות {0}.",
"To use Google Drive, enable {0}.","כדי להשתמש ב- Google Drive, הפעל את האפשרות {0}.",
"To use Google Indexing, enable <a href=""/app/google-settings"">Google Settings</a>.","כדי להשתמש באינדקס של Google, הפעל <a href=""/app/google-settings"">את הגדרות Google</a> .",
"To use Slack Channel, add a <a href=""#List/Slack%20Webhook%20URL/List"">Slack Webhook URL</a>.","כדי להשתמש בערוץ רפוי, הוסף <a href=""#List/Slack%20Webhook%20URL/List"">כתובת URL של רשת רפוי</a> .",
To version,לגרסה,
ToDo,ToDo,
Today,היום,
Toggle Chart,החלף תרשים,
Toggle Full Width,החלף ברוחב מלא,
Toggle Grid View,החלף את תצוגת הרשת,
Toggle Section: {0},החלף מקטע: {0},
Toggle Sidebar,החלף את סרגל הצד,
Toggle Theme,החלף נושא,
Token,אסימון,
Token Cache,מטמון אסימון,
Token Type,סוג אסימון,
Token URI,URI אסימון,
Token is missing,אסימון חסר,
Too Many Documents,יותר מדי מסמכים,
Too Many Requests,יותר מדי בקשות,
Too many changes to database in single action.,שינויים רבים מדי במסד הנתונים בפעולה אחת.,
"Too many users signed up recently, so the registration is disabled. Please try back in an hour","משתמשים רבים מדי נרשמו לאחרונה, ולכן ההרשמה מושבתת. אנא נסה בעוד שעה",
Top,חלק עליון,
Top Bar Item,פריט עליון בר,
Top Bar Items,פריטים העליונים בר,
Top Center,מרכז העליון,
Top Errors,שגיאות מובילות,
Top Left,שמאל למעלה,
Top Performer,פרפורמר מוביל,
Top Reviewer,סוקר מוביל,
Top Right,למעלה מימין,
Top {0},{0} המובילים,
Topic,נושא,
Total,"סה""כ",
Total Background Workers,סך כל עובדי הרקע,
Total Errors (last 1 day),סך השגיאות (היום האחרון),
Total Images,סך הכל תמונות,
Total Outgoing Emails,סך כל האימיילים היוצאים,
Total Recipients,סך כל הנמענים,
Total Subscribers,סה&quot;כ מנויים,
Total Users,סך כל המשתמשים,
Total Views,סך כל צפיות,
Total Working Time,זמן עבודה כולל,
Total number of emails to sync in initial sync process ,המספר הכולל של הודעות דוא&quot;ל לסינכרון בתהליך הסינכרון הראשוני,
Total:,סך הכל:,
Totals,סיכומים,
Totals Row,סך הכל שורה,
Trace ID,זיהוי מעקב,
Traceback,להתחקות,
Track Changes,שינויי מסלול,
Track Email Status,עקוב אחר סטטוס דוא&quot;ל,
Track Field,מסלול שדה,
Track Seen,מסלול בבלוג,
Track Steps,עקוב אחר צעדים,
Track Views,עקוב אחר תצוגות,
"Track if your email has been opened by the recipient.
<br>
Note: If you're sending to multiple recipients, even if 1 recipient reads the email, it'll be considered ""Opened""","עקוב אחר אם הדואר האלקטרוני שלך נפתח על ידי הנמען.
<br> 
הערה: אם אתה שולח למספר נמענים, גם אם נמען אחד קורא את האימייל, הוא ייחשב כ&quot;פתוח&quot;",
Track milestones for any document,עקוב אחר אבני דרך לכל מסמך,
Tracking URL generated and copied to clipboard,כתובת אתר למעקב נוצרה והועתקה ללוח,
Transaction Hash,עסקת האש,
Transaction Log,יומן עסקאות,
Transaction Log Report,דוח יומן עסקאות,
Transgender,טרנסג&#39;נדר,
Transition Properties,מאפייני מעבר,
Transition Rules,הוראה מעבר,
Transitions,מעברים,
Translatable,לתרגום,
Translate Link Fields,תרגם שדות קישור,
Translate values,תרגם ערכים,
Translate {0},תרגם {0},
Translated Text,טקסט מתורגם,
Translation,תרגום,
Translations,תרגומים,
Trash,אשפה,
Tree,עץ,
Tree View,תצוגת עץ,
Tree structures are implemented using Nested Set,מבני עצים מיושמים באמצעות סט מקונן,
Tree view is not available for {0},תצוגת עץ אינה זמינה עבור {0},
Trigger Method,שיטת טריגר,
Trigger Primary Action,פעולה ראשונית של הדק,
Trigger caching,הפעל שמירה במטמון,
"Trigger on valid methods like ""before_insert"", ""after_update"", etc (will depend on the DocType selected)","מפעילים שיטות תקפות כמו &quot;לפני_הכנסה&quot;, &quot;לאחר_עדכון&quot; וכו &#39;(יהיה תלוי בסוג DocType שנבחר)",
Trim Table,שולחן חיתוך,
Try Again,נסה שוב,
Try a Naming Series,נסה סדרת שמות,
Try the new Print Designer,נסה את מעצב הדפוס החדש,
Try to avoid repeated words and characters,נסה להימנע מילות חוזרות ותווים,
Try to use a longer keyboard pattern with more turns,נסה להשתמש דפוס מקלדת כבר עם סיבובים יותר,
Tuesday,יום שלישי,
Two Factor Authentication,אימות שני גורמים,
Two Factor Authentication method,שיטת אימות שני גורמים,
Type,סוג,
Type Distribution,סוג הפצה,
Type a reply / comment,הקלד תגובה / הערה,
Type something in the search box to search,הקלד משהו בתיבת החיפוש כדי לחפש,
Type title,הקלד כותרת,
Type your reply here...,הקלד את תשובתך כאן...,
Type:,סוג:,
UI Tour,סיור ממשק משתמש,
UID,UID,
UIDNEXT,UIDNEXT,
UIDVALIDITY,UIDVALIDITY,
UNSEEN,בלתי נראות,
"URIs for receiving authorization code once the user allows access, as well as failure responses. Typically a REST endpoint exposed by the Client App.
<br>e.g. http://hostname/api/method/frappe.integrations.oauth2_logins.login_via_facebook","URIs לקבלת קוד הרשאה ברגע שהמשתמש מאפשר גישה, כמו גם תגובות כשל. בדרך כלל נקודת קצה REST שנחשפת על ידי אפליקציית הלקוח.
<br> למשל http://hostname/api/method/frappe.integrations.oauth2_logins.login_via_facebook",
URL,כתובת האתר,
URL for documentation or help,כתובת URL לתיעוד או עזרה,
URL must start with http:// or https://,כתובת האתר חייבת להתחיל ב-http:// או https://,
URL of the page,כתובת האתר של הדף,
URL to go to on clicking the slideshow image,כתובת URL למעבר אליה בלחיצה על תמונת המצגת,
Unable to find DocType {0},לא ניתן למצוא את DocType {0},
Unable to load camera.,לא ניתן לטעון את המצלמה.,
Unable to load: {0},לא ניתן לטעון: {0},
Unable to open attached file. Did you export it as CSV?,לא ניתן לפתוח את הקובץ המצורף. האם אתה לייצא אותו כקובץ CSV?,
Unable to read file format for {0},לא ניתן לקרוא את פורמט הקובץ עבור {0},
Unable to send mail because of a missing email account. Please setup default Email Account from Settings > Email Account,לא ניתן לשלוח דואר בגלל חשבון אימייל חסר. אנא הגדר חשבון דוא&quot;ל כברירת מחדל מהגדרות &gt; חשבון דוא&quot;ל,
Unable to update event,לא ניתן לעדכן את האירוע,
Unable to write file format for {0},לא ניתן לכתוב פורמט קובץ עבור {0},
Unassign Condition,ביטול הקצאת מצב,
Uncaught Server Exception,חריג שרת שלא נתפס,
Unchanged,ללא שינוי,
Undo,לבטל,
Undo last action,בטל את הפעולה האחרונה,
Unfollow,עקוב אחר,
Unhandled Email,אימייל שלא טופל,
Unhandled Emails,אימיילים לא מטופלים,
Unhide Workspace,בטל הסתר סביבת עבודה,
Unique,ייחודי,
Unknown,לא ידוע,
Unknown Column: {0},טור ידוע: {0},
Unknown Rounding Method: {},שיטת עיגול לא ידועה: {},
Unknown User,משתמש לא ידוע,
"Unknown file encoding. Tried utf-8, windows-1250, windows-1252.","קידוד קובץ לא ידוע. , Windows-1250, חלונות-1252 utf-8 ניסו.",
Unlock Reference Document,בטל את הנעילה של מסמך עזר,
Unpublish,בטל את הפרסום,
Unread,לא נקרא,
Unread Notification Sent,הודעה שלא נקראה נשלחה,
Unsafe SQL query,שאילתת SQL לא בטוחה,
Unselect All,בטל את הבחירה בכול,
Unshared,שאינו משותף,
Unsubscribe,בטל את הרישום,
Unsubscribe Method,שיטת ביטול המנוי,
Unsubscribe Param,בטל את הרישום לפרמ,
Unsubscribed,רישום בוטל,
Untitled Column,טור ללא כותרת,
Unzip,לפתוח,
Unzipped {0} files,{0} קבצים לא מרוכזים,
Unzipping files...,פותח רוכסן קבצים ...,
Upcoming Events for Today,אירועים קרובים להיום,
Update,עדכון,
Update Amendment Naming,עדכן את שמות התיקון,
Update Details,עדכן פרטים,
Update Existing Records,עדכן רשומות קיימות,
Update Field,עדכון שדה,
Update Hooks Resolution Order,עדכון סדר רזולוציית הוקס,
Update Order,עדכן הזמנה,
Update Password,עדכן סיסמה,
Update Series Counter,עדכוני מונה סדרות,
Update Series Number,עדכון סדרת מספר,
Update Settings,עדכן הגדרות,
Update Translations,עדכן תרגומים,
Update Value,עדכון ערך,
Update from Frappe Cloud,עדכון מ-Frappe Cloud,
Update {0} records,עדכן {0} רשומות,
Updated,עדכון,
Updated Successfully,עודכן בהצלחה,
Updated To A New Version \u{1F389},עודכן לגרסה חדשה \u{1F389},
Updated To A New Version 🎉,עודכן לגרסה חדשה 🎉,
Updated successfully,עודכן בהצלחה,
Updates,עדכונים,
Updating,עדכון,Freeze message while updating a document
Updating Email Queue Statuses. The emails will be picked up in the next scheduled run.,עדכון סטטוסים של תור דוא&quot;ל. המיילים ייקלטו בהרצה המתוכננת הבאה.,
Updating counter may lead to document name conflicts if not done properly,עדכון המונה עלול להוביל להתנגשויות בין שמות המסמכים אם לא נעשה כראוי,
Updating global settings,עדכון הגדרות גלובליות,
Updating naming series options,עדכון אפשרויות סדרת שמות,
Updating related fields...,מעדכן שדות קשורים...,
Updating {0},מעדכן את {0},
"Updating {0} of {1}, {2}","מעדכן {0} מתוך {1}, {2}",
Upgrade plan,תוכנית שדרוג,
Upload,העלאה,
Upload Image,העלה תמונה,
Upload file,העלה קובץ,
Upload {0} files,העלה {0} קבצים,
Uploaded To Dropbox,הועלה לדרופבוקס,
Uploaded To Google Drive,הועלה ל- Google Drive,
Uploading backup to Google Drive.,מעלה גיבוי ל-Google Drive.,
Uploading successful.,ההעלאה הצליחה.,
Uploading to Google Drive,מעלה לגוגל דרייב,
Use % for any non empty value.,השתמש ב-% לכל ערך שאינו ריק.,
Use ASCII encoding for password,השתמש בקידוד ASCII לסיסמה,
Use First Day of Period,השתמש ביום הראשון למחזור,
Use HTML,השתמש ב-HTML,
Use IMAP,השימוש IMAP,
Use Number Format from Currency,השתמש בפורמט מספר ממטבע,
Use POST,השתמש ב- POST,
Use Report Chart,השתמש בתרשים דוחות,
Use SSL,השתמש ב- SSL,
Use STARTTLS,השתמש ב-STARTTLS,
Use TLS,השימוש TLS,
"Use a few words, avoid common phrases.","השתמש כמה מילים, להימנע ביטויים נפוצים.",
Use different Email ID,השתמש במזהה דוא&quot;ל אחר,
Use of function {0} in field is restricted,השימוש בפונקציה {0} בשדה מוגבל,
Use of sub-query or function is restricted,השימוש בשאילתת משנה או בפונקציה מוגבל,
Use the new Print Format Builder,השתמש ב- Print Format Builder החדש,
Use this fieldname to generate title,השתמש fieldname זה כדי ליצור כותרת,
Used OAuth,השתמש ב-OAuth,
User,משתמש,
User ,משתמש,
User '{0}' already has the role '{1}',משתמש &#39;{0}&#39; כבר יש את התפקיד &#39;{1}&#39;,
User Agent,סוכן משתמש,
User Cannot Create,משתמש אינו יכול ליצור,
User Cannot Search,משתמש לא יכול חפש,
User Changed,המשתמש השתנה,
User Defaults,ברירות מחדל משתמש,
User Details,פרטי משתמש,
User Document Type,סוג מסמך משתמש,
User Document Types Limit Exceeded,חריגה ממגבלת סוגי מסמכי המשתמש,
User Email,דוא&quot;ל משתמש,
User Emails,דוא&quot;ל משתמש,
User Field,שדה משתמש,
User Group,קבוצת משתמשים,
User Group Member,חבר בקבוצת משתמשים,
User Group Members,חברי קבוצת משתמשים,
User ID,זיהוי משתמש,
User ID Property,נכס מזהה משתמש,
User ID of a Blogger,זיהוי משתמש של Blogger,
User Id,זיהוי משתמש,
User Id Field,שדה זיהוי משתמש,
User Id Field is mandatory in the user type {0},שדה זיהוי משתמש הוא חובה בסוג המשתמש {0},
User Image,תמונת משתמש,
User Menu,תפריט משתמש,
User Name,שם משתמש,
User Permission,אישורים והיתרים משתמש,
User Permissions,הרשאות משתמש,
User Permissions are used to limit users to specific records.,הרשאות משתמש משמשות להגבלת משתמשים לרשומות ספציפיות.,
User Permissions created sucessfully,הרשאות משתמש נוצרו בהצלחה,
User Profile,פרופיל משתמש,
User Role,תפקיד משתמש,
User Select Document Type,משתמש בחר סוג מסמך,
User Settings,הגדרות משתמש,
User Social Login,כניסה חברתית למשתמש,
User Tags,תגיות משתמש,
User Type,סוג המשתמש,
User Type Module,מודול סוג משתמש,
User can login using Email id or Mobile number,המשתמש יכול להתחבר באמצעות מזהה דוא&quot;ל או מספר טלפון נייד,
User can login using Email id or User Name,המשתמש יכול להתחבר באמצעות מזהה דוא&quot;ל או שם משתמש,
User does not exist,משתמש לא קיים,
User does not exist.,המשתמש לא קיים.,
User does not have permission to create the new {0},למשתמש אין הרשאה ליצור את ה-{0} החדש,
User is mandatory for Share,המשתמש הוא חובה עבור שתף,
User must always select,משתמש חייב תמיד לבחור,
User not allowed to delete {0}: {1},משתמש לא מורשה למחוק {0}: {1},
User permission already exists,הרשאת משתמש כבר קיימת,
User with email address {0} does not exist,משתמש עם כתובת דוא&quot;ל {0} אינו קיים,
User with email: {0} does not exist in the system. Please ask 'System Administrator' to create the user for you.,משתמש עם דוא&quot;ל: {0} אינו קיים במערכת. אנא בקש מ&#39;מנהל מערכת&#39; ליצור עבורך את המשתמש.,
User {0} cannot be deleted,משתמש {0} לא ניתן למחוק,
User {0} cannot be disabled,משתמש {0} אינו יכול להיות מבוטל,
User {0} cannot be renamed,משתמש {0} לא ניתן לשנות את שמם,
User {0} does not have access to this document,למשתמש {0} אין גישה למסמך זה,
User {0} does not have doctype access via role permission for document {1},למשתמש {0} אין גישת מסמך באמצעות הרשאת תפקיד למסמך {1},
User {0} does not have the permission to create a Workspace.,למשתמש {0} אין הרשאה ליצור סביבת עבודה.,
User {0} has requested for data deletion,המשתמש {0} ביקש למחוק את הנתונים,
User {0} impersonated as {1},משתמש {0} התחזה ל-{1},
User {0} is disabled,משתמש {0} אינו זמין,
User {0} is disabled. Please contact your System Manager.,המשתמש {0} מושבת. אנא צור קשר עם מנהל המערכת שלך.,
User {0} is not permitted to access this document.,המשתמש {0} אינו מורשה לגשת למסמך זה.,
Userinfo URI,URI של פרטי משתמש,
Username,שם משתמש,
Username {0} already exists,שם משתמש {0} כבר קיים,
Users,משתמשים,
Users assigned to the reference document will get points.,משתמשים שהוקצו למסמך הייחוס יקבלו נקודות.,
Users with role {0}:,משתמשים עם תפקיד {0}:,
Uses system's theme to switch between light and dark mode,משתמש בערכת הנושא של המערכת כדי לעבור בין מצב בהיר לחושך,
Using this console may allow attackers to impersonate you and steal your information. Do not enter or paste code that you do not understand.,שימוש במסוף זה עשוי לאפשר לתוקפים להתחזות אליך ולגנוב את המידע שלך. אל תזין או הדבק קוד שאינך מבין.,
Utilization,ניצול,
Utilization %,% ניצול,
Valid,תקף,
Valid Login id required.,id כניסה חוקי חובה.,
Valid email and name required,"נדרש דוא""ל ושם חוקי",
Validate Field,אמת שדה,
Validating verification code...,מאמת את קוד האימות...,
Validation Error,שגיאת אימות,
Validity,תוקף,
Value,ערך,
Value Based On,ערך מבוסס על,
Value Change,שינוי הערך,
Value Changed,הערך השתנה,
Value To Be Set,ערך שיש לקבוע,
Value cannot be changed for {0},ערך לא ניתן לשנות עבור {0},
Value cannot be negative for,הערך לא יכול להיות שלילי עבור,
Value cannot be negative for {0}: {1},הערך לא יכול להיות שלילי עבור {0}: {1},
Value for a check field can be either 0 or 1,ערך עבור שדה בדיקה יכול להיות או 0 או 1,
Value for field {0} is too long in {1}. Length should be lesser than {2} characters,הערך עבור השדה {0} ארוך מדי ב- {1}. האורך צריך להיות קטן מ- {2} תווים,
Value for {0} cannot be a list,ערך תמורת {0} לא יכול להיות רשימה,
Value from this field will be set as the due date in the ToDo,ערך משדה זה ייקבע כתאריך היעד בתוקף המשימות,
Value missing for,הערך חסר ל,
Value must be one of {0},הערך חייב להיות אחד מ- {0},
Value to Validate,ערך לאימות,
Value too big,ערך גדול מדי,
Value {0} missing for {1},ערך {0} חסר עבור {1},
Value {0} must be in the valid duration format: d h m s,הערך {0} חייב להיות בתבנית משך תקפה: dhms,
Value {0} must in {1} format,הערך {0} חייב להיות בפורמט {1},
Values Changed,ערכים השתנו,
Verdana,Verdana,
Verification,אימות,
Verification Code,קוד אימות,
Verification Link,קישור אימות,
Verification code email not sent. Please contact Administrator.,דוא&quot;ל קוד האימות לא נשלח. אנא צרו קשר עם מנהל המערכת.,
Verification code has been sent to your registered email address.,קוד אימות נשלח לכתובת הדוא&quot;ל הרשומה שלך.,
Verified,מאומת,
Verify,ודא,Submit verification code
Verify Password,אימות סיסמא,
Verifying...,מאמת ...,
Version,גרסה,
Version Updated,הגרסה עודכנה,
Video URL,קישור לוידאו,
View,נוף,
View All,צפה בהכל,
View Blog Post,צפה בפוסט בבלוג,
View Comment,צפה בתגובה,
View Full Log,צפה ביומן המלא,
View List,רשימת צפייה,
View Log,צפה בלוג,
View Permitted Documents,צפו במסמכים המותרים,
View Properties (via Customize Form),צג נכסים (באמצעות טופס התאמה אישית),
View Ref,צפה בעיון,
View Report,צפה בדוח,
View Settings,הצג הגדרות,
View Switcher,מחליף תצוגה,
View Website,אתר צפה ב,
View document,צפה במסמך,
View file,צפה בקובץ,
View report in your browser,צפה בדוח בדפדפן שלך,
View this in your browser,הצג את זה בדפדפן שלך,
View your response,ראה את התגובה שלך,Button in web form
View {0},הצג את {0},
Viewed By,נצפה על ידי,
Virtual,וירטואלי,
Virtual DocType {} requires a static method called {} found {},Virtual DocType {} דורש שיטה סטטית בשם {} found {},
Virtual DocType {} requires overriding an instance method called {} found {},Virtual DocType {} דורש לעקוף שיטת מופע בשם {} נמצאה {},
Visibility,ראות,
Visit,בקר,
Visit Web Page,בקר בדף האינטרנט,
Visitor ID,מזהה אורח,
Want to discuss?,רוצה לדון?,
Warehouse,מחסן,
Warning,אזהרה,
Warning: DATA LOSS IMMINENT! Proceeding will permanently delete following database columns from doctype {0}:,אזהרה: אובדן נתונים קרוב! המשך ימחק לצמיתות את עמודות מסד הנתונים הבאות מ-doctype {0}:,
Warning: Unable to find {0} in any table related to {1},אזהרה: לא ניתן למצוא את {0} בשום טבלה שקשורה ל- {1},
Warning: Updating counter may lead to document name conflicts if not done properly,אזהרה: עדכון המונה עלול להוביל להתנגשויות בין שמות המסמכים אם לא נעשה כראוי,
Was this article helpful?,הכתבה הזו הייתה מועילה?,
Watch Tutorial,צפו בהדרכה,
Watch Video,צפה בוידאו,
We do not allow editing of this document. Simply click the Edit button on the workspace page to make your workspace editable and customize it as you wish,איננו מאפשרים עריכה של מסמך זה. כל שעליך לעשות הוא ללחוץ על כפתור העריכה בדף סביבת העבודה כדי להפוך את סביבת העבודה שלך לניתנת לעריכה ולהתאים אותה אישית כרצונך,
We have received a request for deletion of {0} data associated with: {1},קיבלנו בקשה למחיקה של {0} נתונים המשויכים ל: {1},
We have received a request from you to download your {0} data associated with: {1},קיבלנו ממך בקשה להוריד את {0} הנתונים המשויכים אליך: {1},
We've received your query!,קיבלנו את שאלתך!,
Weak,חלש,
Web Form,טופס אינטרנט,
Web Form Field,אינטרנט טופס מולא,
Web Form Fields,שדות טופס האינטרנט,
Web Form List Column,עמודת רשימת טפסי אינטרנט,
Web Page,דף האינטרנט,
Web Page Block,חסימת דף אינטרנט,
Web Page URL,כתובת אתר של דף אינטרנט,
Web Page View,תצוגת דף אינטרנט,
Web Template,תבנית אינטרנט,
Web Template Field,שדה תבנית אינטרנט,
Web Template Values,ערכי תבנית אינטרנט,
Web Template is not specified,תבנית אינטרנט לא צוינה,
Web View,תצוגת אינטרנט,
Webhook,ווההוק,
Webhook Data,נתוני Webhook,
Webhook Header,כותרת Webhook,
Webhook Headers,כותרות Webhook,
Webhook Request,בקשת Webhook,
Webhook Request Log,יומן בקשות Webhook,
Webhook Secret,ווההוק סוד,
Webhook Security,Webhook אבטחה,
Webhook Trigger,טריגר Webhook,
Webhook URL,כתובת אתר של Webhook,
Website,אתר,
Website Analytics,ניתוח אתרים,
Website Manager,מנהל אתר,
Website Meta Tag,אתר מטא תג,
Website Route Meta,אתר מסלול מטא,
Website Route Redirect,הפניית מסלול אתרים,
Website Script,האתר סקריפט,
Website Search Field,שדה חיפוש באתר,
Website Search Field must be a valid fieldname,שדה חיפוש באתר חייב להיות שם שדה חוקי,
Website Settings,הגדרות אתר,
Website Sidebar,סרגל הצד של האתר,
Website Sidebar Item,פריט סרגל הצד באתר,
Website Slideshow,אתר מצגת,
Website Slideshow Item,פריט מצגת אתר,
Website Theme,נושא אתר,
Website Theme Ignore App,נושא האתר מתעלם מאפליקציה,
Website Theme Image,תמונת נושא אתר,
Website Theme image link,קישור לתמונת נושא האתר,
Websocket,Websocket,
Wednesday,יום רביעי,
Week,שבוע,
Weekdays,ימי חול,
Weekly,שבועי,
Weekly Long,לונג שבועי,
Welcome,קבלת פנים,
Welcome Email Template,תבנית דוא&quot;ל לקבלת פנים,
Welcome URL,כתובת אתר ברוכים הבאים,
Welcome Workspace,ברוך הבא Workspace,
Welcome email sent,דואר אלקטרוני שנשלח ברוכים הבאים,
Welcome to {0},ברוך הבא ל- {0},
What's New,מה חדש,
"When enabled this will allow guests to upload files to your application, You can enable this if you wish to collect files from user without having them to log in, for example in job applications web form.","כאשר מופעלת זה יאפשר לאורחים להעלות קבצים ליישום שלך, באפשרותך לאפשר זאת אם ברצונך לאסוף קבצים מהמשתמש מבלי שיהיה עליך להיכנס, למשל בטופס האינטרנט של יישומי עבודה.",
"When sending document using email, store the PDF on Communication. Warning: This can increase your storage usage.","בעת שליחת מסמך באמצעות דואר אלקטרוני, אחסן את ה-PDF בתקשורת. אזהרה: זה יכול להגדיל את השימוש באחסון שלך.",
"When uploading files, force the use of the web-based image capture. If this is unchecked, the default behavior is to use the mobile native camera when use from a mobile is detected.","בעת העלאת קבצים, כפה על השימוש בלכידת התמונה מבוססת האינטרנט. אם זה לא מסומן, התנהגות ברירת המחדל היא להשתמש במצלמה המקורית לנייד כאשר מזוהה שימוש מנייד.",
"When you Amend a document after Cancel and save it, it will get a new number that is a version of the old number.","כאשר אתה לתקן מסמך לאחר לבטל ולשמור אותו, הוא יקבל מספר חדש שהוא גרסה של המספר הישן.",
Which view of the associated DocType should this shortcut take you to?,לאיזו תצוגה של DocType המשויך קיצור הדרך הזה צריך לקחת אותך?,
Width,רוחב,
Widths can be set in px or %.,ניתן להגדיר רוחב בpx או%.,
Wildcard Filter,מסנן תווים כלליים,
"Will add ""%"" before and after the query",יוסיף &quot;%&quot; לפני ואחרי השאילתה,
Will be used in url (usually first name).,ישמש בכתובת אתר (בדרך כלל שם פרטיים).,
Will be your login ID,יהיה מזהה הכניסה שלך,
Will only be shown if section headings are enabled,יוצג רק אם כותרות החלקים מופעלות,
Will run scheduled jobs only once a day for inactive sites. Default 4 days if set to 0.,יפעיל עבודות מתוזמנות רק פעם אחת באתרים לא פעילים. ברירת מחדל של 4 ימים אם מוגדרת כ- 0.,
With Letter head,עם ראש מכתב,
Worflow States Don't Exist,מדינות Worflow אינן קיימות,
Worker Information,מידע לעובד,
Worker Name,שם העובד,
Workflow,זרימת עבודה,
Workflow Action,פעולה זרימת עבודה,
Workflow Action Master,Workflow הפעולה Master,
Workflow Action Name,שם Workflow פעולה,
Workflow Action Permitted Role,תפקיד מותר לפעולת זרימת עבודה,
Workflow Action is not created for optional states,פעולה של זרימת עבודה לא נוצרת עבור מצבים אופציונליים,
Workflow Builder,בונה זרימת עבודה,
Workflow Builder ID,מזהה בונה זרימת עבודה,
Workflow Builder allows you to create workflows visually. You can drag and drop states and link them to create transitions. Also you can update thieir properties from the sidebar.,"Workflow Builder מאפשר לך ליצור זרימות עבודה בצורה ויזואלית. אתה יכול לגרור ולשחרר מצבים ולקשר אותם כדי ליצור מעברים. כמו כן, אתה יכול לעדכן את המאפיינים שלהם מהסרגל הצדדי.",
Workflow Data,נתוני זרימת עבודה,
Workflow Details,פרטי זרימת עבודה,
Workflow Document State,זרימת עבודה במסמך המדינה,
Workflow Name,שם זרימת עבודה,
Workflow State,מדינת זרימת עבודה,
Workflow State Field,מדינת שדה זרימת עבודה,
Workflow State not set,מצב זרימת העבודה לא הוגדר,
Workflow State transition not allowed from {0} to {1},מעבר למצב זרימת עבודה אינו מורשה מ- {0} ל- {1},
Workflow Status,סטטוס זרימת עבודה,
Workflow Transition,מעבר זרימת עבודה,
Workflow state represents the current state of a document.,מדינת זרימת עבודה מייצגת את המצב הנוכחי של מסמך.,
Workflow updated successfully,זרימת העבודה עודכנה בהצלחה,
Workspace,סביבת עבודה,
Workspace <b>{0}</b> does not exist,סביבת העבודה <b>{0}</b> אינה קיימת,
Workspace Chart,תרשים סביבת עבודה,
Workspace Custom Block,בלוק מותאם אישית של סביבת עבודה,
Workspace Link,קישור סביבת עבודה,
Workspace Manager,מנהל סביבת עבודה,
Workspace Number Card,כרטיס מספר סביבת עבודה,
Workspace Quick List,רשימה מהירה של סביבת עבודה,
Workspace Shortcut,קיצור דרך סביבת עבודה,
Workspace not found,סביבת העבודה לא נמצאה,
Workspace {0} Created Successfully,סביבת העבודה {0} נוצרה בהצלחה,
Workspace {0} Deleted Successfully,סביבת העבודה {0} נמחקה בהצלחה,
Workspace {0} Edited Successfully,סביבת העבודה {0} נערכה בהצלחה,
Workspaces,חללי עבודה,
Wrapping up,מסכם,
Write,לכתוב,
Wrong Fetch From value,ערך אחזור שגוי,
X Axis Field,שדה ציר X,
X Field,שדה X,
XLSX,XLSX,
Y Axis,ציר Y,
Y Axis Fields,שדות ציר Y,
Y Field,שדה Y,
Yahoo Mail,Yahoo Mail,
Yandex.Mail,Yandex.Mail,
Year,שנה,
Yearly,שנתי,
Yellow,צהוב,
Yes,כן,
You,אתה,Name of the current user. For example: You edited this 5 hours ago.
You Liked,אהבת,
You are connected to internet.,אתה מחובר לאינטרנט.,
You are impersonating as another user.,אתה מתחזה למשתמש אחר.,
You are not allowed to access this resource,אינך מורשה לגשת למשאב זה,
You are not allowed to access this {0} record because it is linked to {1} '{2}' in field {3},אינך מורשה לגשת לרשומה זו {0} כיוון שהיא מקושרת ל {1} &#39;{2} &#39;בשדה {3},
"You are not allowed to access this {0} record because it is linked to {1} '{2}' in row {3}, field {4}","אינך מורשה לגשת לרשומת {0} זו מכיוון שהיא מקושרת אל {1} &#39;{2}&#39; בשורה {3}, שדה {4}",
You are not allowed to create columns,אינך רשאי ליצור עמודות,
You are not allowed to delete Standard Report,אינך רשאי למחוק את הדוח הסטנדרטי,
You are not allowed to delete a standard Website Theme,אסור לך למחוק את נושא אתר סטנדרטי,
You are not allowed to edit the report.,אינך רשאי לערוך את הדוח.,
You are not allowed to export {} doctype,אינך רשאי לייצא את {} doctype,
You are not allowed to print this report,אינך רשאי להדפיס דוח זה,
You are not allowed to send emails related to this document,אין באפשרותך לשלוח מיילים הקשורים למסמך זה,
You are not allowed to update this Web Form Document,אין באפשרותך לעדכן את מסמך טופס אינטרנט זה,
You are not connected to Internet. Retry after sometime.,אינך מחובר לאינטרנט. נסה שוב אחרי מתישהו.,
You are not permitted to access this page without login.,אינך מורשה לגשת לדף זה ללא התחברות.,
You are not permitted to access this page.,אינכם מורשים לגשת לדף זה.,
You are not permitted to access this resource.,אינך מורשה לגשת למשאב זה.,
You are now following this document. You will receive daily updates via email. You can change this in User Settings.,כעת אתה עוקב אחר מסמך זה. תקבל עדכונים יומיים באמצעות דוא&quot;ל. ניתן לשנות זאת בהגדרות משתמש.,
"You are only allowed to update order, do not remove or add apps.","אתה רשאי רק לעדכן סדר, לא להסיר או להוסיף אפליקציות.",
"You are selecting Sync Option as ALL, It will resync all read as well as unread message from server. This may also cause the duplication of Communication (emails).","אתה בוחר באפשרות סנכרון בתור הכל, זה יסנכרן מחדש את כל ההודעות שנקראו וגם ההודעות שלא נקראו מהשרת. זה עלול לגרום גם לשכפול של תקשורת (מיילים).",
You attached {0},צירפת את {0},Form timeline
You can add dynamic properties from the document by using Jinja templating.,אתה יכול להוסיף תכונות דינמיות מהמסמך באמצעות בניית תבנית ג&#39;ינג&#39;ה.,
You can also access wkhtmltopdf variables (valid only in PDF print):,אתה יכול גם לגשת למשתני wkhtmltopdf (תקף רק בהדפסת PDF):,
You can also copy-paste following link in your browser,אתה יכול גם להעתיק-הדבק את הקישור הבא בדפדפן שלך,
You can also copy-paste this ,ניתן גם להעתיק ולהדביק זאת,
You can also copy-paste this {0} to your browser,תוכל גם להעתיק ולהדביק את {0} הדפדפן הזה,
"You can change Submitted documents by cancelling them and then, amending them.","באפשרותך לשנות מסמכים שהוגשו על ידי הביטול ולאחר מכן, תיקונם.",
You can change the retention policy from {0}.,אתה יכול לשנות את מדיניות השמירה מ-{0}.,
You can continue with the onboarding after exploring this page,אתה יכול להמשיך עם ההצטרפות לאחר חקירת דף זה,
You can disable this {0} instead of deleting it.,אתה יכול להשבית את ה-{0} הזה במקום למחוק אותו.,
You can increase the limit from System Settings.,אתה יכול להגדיל את המגבלה מהגדרות מערכת.,
You can manually remove the lock if you think it's safe: {},אתה יכול להסיר את המנעול באופן ידני אם אתה חושב שהוא בטוח: {},
You can only insert images in Markdown fields,ניתן להוסיף תמונות רק בשדות Markdown,
You can only print upto {0} documents at a time,אתה יכול להדפיס רק עד {0} מסמכים בכל פעם,
You can only set the 3 custom doctypes in the Document Types table.,ניתן להגדיר רק את 3 סוגי המסמכים המותאמים אישית בטבלת סוגי המסמכים.,
"You can only upload JPG, PNG, PDF, TXT, CSV or Microsoft documents.","אתה יכול להעלות רק מסמכי JPG, PNG, PDF, TXT, CSV או Microsoft.",
You can only upload upto 5000 records in one go. (may be less in some cases),אתה יכול רק להעלות upto 5000 רשומות במכה אחת. (יכול להיות פחות במקרים מסוימים),
"You can select one from the following,","אתה יכול לבחור אחד מבין הבאים,",
You can set a high value here if multiple users will be logging in from the same network.,אתה יכול להגדיר ערך גבוה כאן אם מספר משתמשים יתחברו מאותה רשת.,
You can try changing the filters of your report.,אתה יכול לנסות לשנות את המסננים של הדוח שלך.,
You can use Customize Form to set levels on fields.,אתה יכול להשתמש בטופס התאמה אישית כדי להגדיר רמות בשדות.,
You can use wildcard %,אתה יכול להשתמש בתווים כללי%,
You can't set 'Options' for field {0},אינך יכול להגדיר &#39;אפשרויות&#39; עבור שדה {0},
You can't set 'Translatable' for field {0},אינך יכול להגדיר &#39;לתרגום&#39; עבור שדה {0},
You cancelled this document,ביטלת את המסמך הזה,Form timeline
You cancelled this document {1},ביטלת מסמך זה {1},Form timeline
You cannot create a dashboard chart from single DocTypes,אינך יכול ליצור תרשים לוח מחוונים מתוך DocTypes בודדים,
You cannot give review points to yourself,אינך יכול לתת לעצמך נקודות ביקורת,
You cannot unset 'Read Only' for field {0},אתה לא יכול לבטל את הגדרה של &#39;קריאה בלבד&#39; לשדה {0},
You changed the value of {0},שינית את הערך של {0},
You changed the value of {0} {1},שינית את הערך של {0} {1},
You changed the values for {0},שינית את הערכים עבור {0},
You changed the values for {0} {1},שינית את הערכים עבור {0} {1},
You changed {0} to {1},שינית את {0} ל-{1},Form timeline
You created this,אתה יצרת את זה,
You do not have Read or Select Permissions for {},אין לך הרשאות קריאה או בחירה עבור {},
You do not have enough permissions to access this resource. Please contact your manager to get access.,אין לך מספיק הרשאות כדי לגשת למשאב זה. צור קשר עם מנהל המערכת כדי לקבל גישה.,
You do not have enough permissions to complete the action,אין לך מספיק הרשאות להשלמת הפעולה,
You do not have enough points,אין לך מספיק נקודות,
You do not have enough review points,אין לך מספיק נקודות ביקורת,
You do not have permission to access {0}: {1}.,אין לך הרשאה לגשת אל {0}: {1}.,
You do not have permissions to cancel all linked documents.,אין לך הרשאות לבטל את כל המסמכים המקושרים.,
You don't have access to Report: {0},"אין לך גישה לדו""ח: {0}",
You don't have permission to access the {0} DocType.,אין לך הרשאה לגשת ל-{0} DocType.,
You don't have permission to access this file,אין לך הרשאה לגשת לקובץ זה,
You don't have permission to get a report on: {0},אין לך הרשאה על מנת לקבל דיווח על: {0},
You don't have the permissions to access this document,אין לך את הרשאות גישה למסמך זה,
You gained {0} point,צברת {0} נקודה,
You gained {0} points,צברת {0} נקודות,
You have a new message from: ,יש לך הודעה חדשה מאת:,
You have been successfully logged out,נותקת בהצלחה,
You have hit the row size limit on database table: {0},הגעת למגבלת גודל השורות בטבלת מסד הנתונים: {0},
You have not entered a value. The field will be set to empty.,לא הזנת ערך. השדה יוגדר כריק.,
You have received a ❤️ like on your blog post,קיבלת ❤️ לייק לפוסט בבלוג שלך,
You have to enable Two Factor Auth from System Settings.,עליך להפעיל Two Factor Auth מהגדרות המערכת.,
You have unsaved changes in this form. Please save before you continue.,יש לך שינויים שלא נשמרו בצורה זו. אנא שמור לפני שתמשיך.,
You have unseen notifications,יש לך התראות שלא נראו,
You have unseen {0},לא ראית את {0},
You haven't added any Dashboard Charts or Number Cards yet.,טרם הוספת תרשימי לוח מחוונים או כרטיסי מספר.,
You haven't created a {0} yet,עדיין לא יצרת {0},
You hit the rate limit because of too many requests. Please try after sometime.,הגעת למגבלת התעריף בגלל יותר מדי בקשות. אנא נסה לאחר מתישהו.,
You last edited this,ערכת את זה בפעם האחרונה,
You must add atleast one link.,עליך להוסיף קישור אחד לפחות.,
You must be logged in to use this form.,עליך להיות מחובר כדי להשתמש בטופס זה.,
You must login to submit this form,עליך להתחבר לישלח את הטופס הזה,
You need the '{0}' permission on {1} {2} to perform this action.,אתה זקוק להרשאת &#39;{0}&#39; ב-{1} {2} כדי לבצע פעולה זו.,
You need to be Workspace Manager to delete a public workspace.,עליך להיות מנהל סביבת עבודה כדי למחוק סביבת עבודה ציבורית.,
You need to be Workspace Manager to edit this document,עליך להיות מנהל סביבת עבודה כדי לערוך מסמך זה,
You need to be in developer mode to edit a Standard Web Form,אתה צריך להיות במצב מפתח לערוך טופס אינטרנט רגיל,
You need to be logged in and have System Manager Role to be able to access backups.,אתה צריך להיות מחובר ויש לי תפקיד מנהל מערכת כדי שתוכל לגשת לגיבויים.,
You need to be logged in to access this page,עליך להיות מחובר בכדי לגשת לדף זה,
You need to be logged in to access this {0}.,אתה צריך להיות מחובר כדי לגשת זה {0}.,
You need to create these first: ,עליך ליצור אותם תחילה:,
You need to enable JavaScript for your app to work.,עליך לאפשר JavaScript כדי שהאפליקציה שלך תפעל.,
"You need to have ""Share"" permission","אתה צריך אישור ""שתף""",
You need to install pycups to use this feature!,כדי להתקין תכונה זו עליכם להתקין מחיצות עיגול.,
You need to select indexes you want to add first.,תחילה עליך לבחור באינדקסים שברצונך להוסיף.,
You need to set one IMAP folder for {0},עליך להגדיר תיקיית IMAP אחת עבור {0},
You need write permission on {0} {1} to merge,אתה צריך הרשאת כתיבה ב-{0} {1} כדי למזג,
You need write permission on {0} {1} to rename,אתה צריך הרשאת כתיבה ב-{0} {1} כדי לשנות את השם,
You need {0} permission to fetch values from {1} {2},אתה צריך הרשאת {0} כדי להביא ערכים מ-{1} {2},
You removed attachment {0},הסרת את הקובץ המצורף {0},Form timeline
You seem good to go!,נראה לך טוב ללכת!,
You seem to have written your name instead of your email. Please enter a valid email address so that we can get back.,נראה שכתבת את שמך במקום המייל שלך. אנא הזן כתובת אימייל חוקית כדי שנוכל לחזור.,
You selected Draft or Cancelled documents,בחרת טיוטה או מסמכים שבוטלו,
You submitted this document,הגשת את המסמך הזה,Form timeline
You submitted this document {0},הגשת מסמך זה {0},Form timeline
You unfollowed this document,ביטלת את המעקב אחר מסמך זה,
You viewed this,צפית בזה,
You will be redirected to Frappe Cloud soon.,בקרוב תופנה אל Frappe Cloud.,
You've logged in as another user from another tab. Refresh this page to continue using system.,התחברת כמשתמש אחר מכרטיסייה אחרת. רענן דף זה כדי להמשיך להשתמש במערכת.,
Your Country,המדינה שלך,
Your Language,השפה שלך,
Your Name,השם שלך,
Your PDF is ready for download,ה-PDF שלך מוכן להורדה,
Your Shortcuts,קיצורי הדרך שלך,
Your account has been deleted,החשבון שלך נמחק,
Your account has been locked and will resume after {0} seconds,חשבונך ננעל ויתחדש לאחר {0} שניות,
Your assignment on {0} {1} has been removed by {2},המטלה שלך ב- {0} {1} הוסרה על ידי {2},
Your browser does not support the audio element.,הדפדפן שלך אינו תומך ברכיב האודיו.,
Your browser does not support the video element.,הדפדפן שלך אינו תומך ברכיב הווידאו.,
Your connection request to Google Calendar was successfully accepted,בקשת החיבור שלך ליומן Google התקבלה בהצלחה,
Your email address,"כתובת הדוא""ל שלך",
Your form has been successfully updated,הטופס שלך עודכן בהצלחה,
Your login id is,מזהה הכניסה שלך הוא,
Your new password has been set successfully.,הסיסמה החדשה שלך הוגדרה בהצלחה.,
Your old password is incorrect.,הסיסמה הישנה שלך שגויה.,
Your organization name and address for the email footer.,השם שלך ארגון וכתובת לתחתון בדואר האלקטרוני.,
"Your query has been received. We will reply back shortly. If you have any additional information, please reply to this mail.","השאילתה שלך כבר קיבלה. אנחנו נשיב בחזרה תוך זמן קצר. אם יש לך מידע נוסף, אנא השב למייל זה.",
"Your session has expired, please login again to continue.","פג תוקף ההפעלה שלך, היכנס שוב כדי להמשיך.",
Your site is undergoing maintenance or being updated.,האתר שלך עובר תחזוקה או מעודכן.,
Your verification code is {0},קוד האימות שלך הוא {0},
Zero,אפס,
Zero means send records updated at anytime,אפס פירושו לשלוח רשומות המעודכנות בכל עת,
\u2190 Back to upload files,\u2190 חזרה להעלאת קבצים,
_doctype,_doctype,
_report,_להגיש תלונה,
`as_iterator` only works with `as_list=True` or `as_dict=True`,`as_iterator` עובד רק עם `as_list=True` או `as_dict=True`,
`job_id` paramater is required for deduplication.,פרמטר `job_id` נדרש למניעת כפילויות.,
added,נוסף,
added rows for {0},נוספו שורות עבור {0},
adjust,להתאים,
after_insert,לאחר הכנסת,
align-center,ליישר-מרכז,
align-justify,ליישר-להצדיק,
align-left,שמאל ליישר,
align-right,ליישר ימני,
amend,לתקן,
and,ו,
arrow-down,חץ למטה,
arrow-left,שמאל חץ,
arrow-right,חץ ימני,
arrow-up,חץ למעלה,
ascending,עולה,
asterisk,כוכבית,
backward,אחורה,
ban-circle,איסור העיגול,
barcode,ברקוד,
bell,פעמון,
blue,כחול,
bold,נועז,
book,ספר,
bookmark,סימנייה,
briefcase,תיק,
bullhorn,מגאפון,
by Role,מאת תפקיד,
cProfile Output,פלט cProfile,
calendar,לוח שנה,
camera,מצלמה,
cancel,לבטל,
canceled,בוטלה,
certificate,תעודה,
check,בדוק,
chevron-down,שברון למטה,
chevron-left,שמאל שברון,
chevron-right,שברון-תקין,
chevron-up,שברון-עד,
circle-arrow-down,המעגל-חץ למטה,
circle-arrow-left,המעגל לשמאל חץ,
circle-arrow-right,המעגל-חץ ימני,
circle-arrow-up,המעגל-חץ-עד,
clear,ברור,
cog,שן,
comment,תגובה,
commented,העיר,
create,ליצור,
cyan,ציאן,
d,ד,Days (Field: Duration)
darkgrey,אפור כהה,
dashboard,לוח מחוונים,
dd-mm-yyyy,dd-mm-yyyy,
dd.mm.yyyy,dd.mm.yyyy,
dd/mm/yyyy,dd / mm / yyyy,
default,ברירת מחדל,
deferred,דחוי,
delete,למחוק,
descending,יורד,
"document type..., e.g. customer","סוג מסמך ..., למשל לקוח",
download,הורדה,
download-alt,הורדה-alt,
"e.g. ""Support"", ""Sales"", ""Jerry Yang""","לדוגמא: ""תמיכה"", ""מכירות"", ""ג'רי יאנג""",
e.g. (55 + 434) / 4 or =Math.sin(Math.PI/2)...,למשל (55 + 434) / 4 או = מתמטיקה.חטא (Math.PI / 2) ...,
e.g. pop.gmail.com / imap.gmail.com,למשל pop.gmail.com / imap.gmail.com,
e.g. replies@yourcomany.com. All replies will come to this inbox.,למשל replies@yourcomany.com. כל התשובות יגיעו לתיבת דואר נכנסת של זה.,
e.g. smtp.gmail.com,למשל smtp.gmail.com,
e.g.:,לדוגמא:,
edit,עריכה,
eject,להפליט,
email,אימייל,
email inbox,תיבת דואר נכנס,
empty,ריק,
envelope,מעטפה,
exclamation-sign,קריאה-סימן,
export,יצוא,
eye-close,עין-קרוב,
eye-open,עין-פתוחה,
facebook,פייסבוק,
facetime-video,FaceTime-וידאו,
failed,נכשל,
fairlogin,פיירלוגין,
fast-backward,מהיר אחורה,
fast-forward,מהר קדימה,
file,קובץ,
film,סרט,
filter,מסנן,
finished,גמור,
fire,אש,
flag,דגל,
folder-close,תיקייה-קרוב,
folder-open,תיקייה פתוחה,
font,גופן,
forward,קדימה,
fullscreen,מסך מלא,
gained by {0} via automatic rule {1},נצבר על ידי {0} באמצעות כלל אוטומטי {1},
gift,מתנה,
glass,זכוכית,
globe,עולם,
gray,אפור,
green,ירוק,
grey,אפור,
gzip not found in PATH! This is required to take a backup.,gzip לא נמצא ב-PATH! זה נדרש כדי לקחת גיבוי.,
h,ח,Hours (Field: Duration)
hand-down,יד למטה,
hand-left,יד שמאל,
hand-right,יד ימין,
hand-up,יד-עד,
hdd,HDD,
headphones,אוזניות,
heart,לב,
home,בית,
hub,רכזת,
icon,אייקון,
import,יבוא,
in minutes,בדקות,
inbox,תיבת הדואר הנכנס,
indent-left,כניסה שמאלית,
indent-right,כניסה ימנית,
info-sign,מידע לחתום,
italic,נטוי,
jane@example.com,jane@example.com,
just now,רק עכשיו,
label,מדבקה,
leaf,עלה,
light-blue,תכלת,
link,קישור,
linkedin,מקושר,
list,רשימה,
list-alt,רשימת alt,
lock,לנעול,
logged in,ביקור אחרון באתר,
login_required,login_required,
long,ארוך,
m,דק,Minutes (Field: Duration)
magnet,מגנט,
map-marker,מפה-מרקר,
merged {0} into {1},מוזגה {0} ל- {1},
min read,דקות קריאה,
minus,מינוס,
minus-sign,מינוס סימן,
mm-dd-yyyy,"מ""מ-יום-שנת",
mm/dd/yyyy,mm / dd / yyyy,
module,מודול,
module name...,שם מודול ...,
move,מהלך,
music,מוסיקה,
new,חדש,
new type of document,סוג חדש של מסמך,
no failed attempts,אין ניסיונות כושלים,
nonce,לא,
notified,הודיעו,
now,עכשיו,
of,של,
off,את,
ok,בסדר,
ok-circle,בסדר-המעגל,
ok-sign,בסדר-סימן,
old_parent,old_parent,
on_cancel,on_cancel,
on_change,בשינוי,
on_submit,שלח,
on_trash,on_trash,
on_update,בתאריך עדכון,
on_update_after_submit,בתאריך_לאחר_הגשה,
only.,רק.,
or,או,
orange,תפוז,
page,דף,
pause,הפסקה,
pencil,עיפרון,
picture,תמונה,
pink,ורוד,
plain,מישור,
plane,מטוס,
play,לשחק,
play-circle,משחק-המעגל,
plus,בתוספת,
plus-sign,תוספת-סימן,
print,הדפסה,
print-format-builder-beta,print-format-builder-beta,
processlist,רשימת תהליכים,
purple,סגול,
qrcode,QRCode,
query-report,שאילתה דיווח,
question-sign,שאלה-סימן,
queued,בתור,
random,אקראי,
read,לקרוא,
red,אדום,
refresh,רענן,
remove,להסיר,
remove-circle,להסיר עיגול,
remove-sign,להסיר לחתום,
removed,הוסר,
removed rows for {0},הוסרו שורות עבור {0},
renamed from {0} to {1},שונה מ- {0} ל- {1},
repeat,חזור,
report,דווח,
resize-full,גודל מלא,
resize-horizontal,לשנות את הגודל אופקי,
resize-small,גודל קטן,
resize-vertical,לשנות את הגודל אנכי,
response,תגובה,
restored {0} as {1},שוחזר {0} כ- {1},
retweet,retweet,
road,כביש,
s,ס,Seconds (Field: Duration)
s256,s256,
scheduled,מתוזמן,
screenshot,צילום מסך,
search,חיפוש,
select,לבחור,
share,מניות,
share-alt,מניות alt,
shopping-cart,עגלת קניות,
short,קצר,
signal,אות,
since last month,מאז החודש האחרון,
since last week,מאז שבוע שעבר,
since last year,מאז שנה שעברה,
since yesterday,מאז אתמול,
star,כוכב,
star-empty,כוכבים ריקים,
started,התחיל,
starting the setup...,מתחיל את ההגדרה...,
step-backward,צעד אחורה,
step-forward,צעד קדימה,
stop,להפסיק,
"string value, i.e. group","ערך מחרוזת, כלומר קבוצה",
"string value, i.e. member","ערך מחרוזת, כלומר איבר",
"string value, i.e. {0} or uid={0},ou=users,dc=example,dc=com","ערך מחרוזת, כלומר {0} או uid={0},ou=users,dc=example,dc=com",
submit,להגיש,
tag,תג,
"tag name..., e.g. #tag","שם תג ..., למשל #tag",
tags,תגיות,
tasks,משימות,
text in document type,טקסט בסוג המסמך,
text-height,טקסט גובה,
text-width,text-רוחב,
th,ה,
th-large,ה-גדול,
th-list,רשימת ה,
this form,טופס זה,
this shouldn't break,זה לא אמור להישבר,
thumbs-down,אגודלים כלפי מטה,
thumbs-up,אגודלים מורמים,
time,זמן,
tint,צבע,
trash,אשפה,
twitter,טוויטר,
updated to {0},עודכן {0},
upload,העלאה,
use % as wildcard,להשתמש% ככלליים,
user,משתמש,
values separated by commas,ערכים מופרדים בפסיקים,
version_table,version_table,
via Assignment Rule,באמצעות כלל הקצאה,
via Data Import,באמצעות ייבוא נתונים,
via Google Meet,דרך Google Meet,
via Notification,באמצעות הודעה,
via automatic rule {0} on {1},באמצעות כלל אוטומטי {0} בתאריך {1},
via {0},דרך {0},
volume-down,נפח למטה,
volume-off,נפח-off,
volume-up,נפח-עד,
wants to access the following details from your account,רוצה לגשת לפרטים הבאים מחשבונך,
warning-sign,אזהרה-סימן,
when clicked on element it will focus popover if present.,כאשר לוחצים על אלמנט זה יתמקד ב-Popover אם קיים.,
wkhtmltopdf 0.12.x (with patched qt).,wkhtmltopdf 0.12.x (עם qt מתוקן).,
wrench,מפתח ברגים,
write,לכתוב,
yellow,צהוב,
yesterday,אתמול,
yyyy-mm-dd,yyyy-mm-dd,
zoom-in,זום-ב,
zoom-out,זום-אאוט,
{0},{0},
"{0} ${skip_list ? """" : type}",{0} ${skip_list ? &quot;&quot; : סוג},
{0} ${type},{0} ${type},
{0} ({1}),{0} ({1}),
{0} ({1}) (1 row mandatory),{0} ({1}) (שורה אחת חובה),
{0} ({1}) - {2}%,{0} ({1}) - {2}%,
{0} = {1},{0} = {1},
{0} Calendar,{0} יומן,
{0} Chart,{0} תרשים,
{0} Dashboard,{0} לוח המחוונים,
{0} Fields,{0} שדות,
{0} Google Calendar Events synced.,{0} אירועי יומן Google מסונכרנים.,
{0} Google Contacts synced.,{0} אנשי קשר של Google מסונכרנים.,
{0} Liked,{0} אהב,
{0} List,{0} רשימה,
{0} M,{0} מ,
{0} Map,{0} מפה,
{0} Modules,{0} מודולים,
{0} Name,{0} שם,
{0} Not allowed to change {1} after submission from {2} to {3},{0} אסור לשנות את {1} לאחר השליחה מ-{2} ל-{3},
{0} Report,{0} דווח,
{0} Reports,{0} דוחות,
{0} Settings,{0} הגדרות,
{0} Tree,{0} עץ,
{0} Web page views,{0} תצוגות דף,
{0} Workspace,{0} סביבת עבודה,
{0} added,{0} הוסיף,
{0} already exists. Select another name,{0} כבר קיים. בחר שם אחר,
{0} already unsubscribed,{0} מנוי כבר,
{0} already unsubscribed for {1} {2},{0} כבר נרכשו עבור {1} {2},
{0} and {1},{0} ו- {1},
{0} appreciated on {1},{0} מוערך ב- {1},
{0} appreciated your work on {1} with {2} point,{0} העריך את עבודתך ב- {1} עם הנקודה {2},
{0} appreciated your work on {1} with {2} points,{0} העריך את עבודתך ב- {1} עם {2} נקודות,
{0} appreciated {1},{0} מוערך {1},
{0} appreciation point for {1},{0} נקודת הערכה עבור {1},
{0} appreciation points for {1},{0} נקודות הערכה עבור {1},
{0} are currently {1},{0} כרגע {1},
{0} are required,חובה {0},
{0} assigned a new task {1} {2} to you,{0} הקצה לך משימה חדשה {1} {2},
{0} assigned {1}: {2},{0} הוקצה {1}: {2},
{0} attached {1},{0} מצורף {1},Form timeline
{0} can not be more than {1},{0} לא יכול להיות יותר מ-{1},
{0} cancelled this document,{0} ביטל את המסמך הזה,
{0} cancelled this document {1},{0} ביטל את המסמך הזה {1},
{0} cannot be amended because it is not cancelled. Please cancel the document before creating an amendment.,לא ניתן לתקן את {0} מכיוון שהוא לא בוטל. אנא בטל את המסמך לפני יצירת תיקון.,
{0} cannot be hidden and mandatory without any default value,{0} לא יכול להיות מוסתר וחובה ללא ערך ברירת מחדל,
{0} changed the value of {1},{0} שינה את הערך של {1},
{0} changed the value of {1} {2},{0} שינה את הערך של {1} {2},
{0} changed the values for {1},{0} שינה את הערכים עבור {1},
{0} changed the values for {1} {2},{0} שינה את הערכים עבור {1} {2},
{0} changed {1} to {2},{0} שינה את {1} ל-{2},Form timeline
{0} comments,{0} הערות,
"{0} contains an invalid Fetch From expression, Fetch From can't be self-referential.","{0} מכיל ביטוי אחזור מאת לא חוקי, אחזור מאת לא יכול להיות הפניה עצמית.",
{0} created successfully,{0} נוצר בהצלחה,
{0} created this,{0} יצר את זה,
{0} criticism point for {1},{0} נקודת ביקורת עבור {1},
{0} criticism points for {1},{0} נקודות ביקורת עבור {1},
{0} criticized on {1},{0} ספג ביקורת ב- {1},
{0} criticized your work on {1} with {2} point,{0} מתח ביקורת על עבודתך ב- {1} בנקודה {2},
{0} criticized your work on {1} with {2} points,{0} ביקר את עבודתך ב- {1} עם {2} נקודות,
{0} criticized {1},{0} ביקר {1},
{0} d,{0} ד,
{0} days ago,{0} ימים לפני,
{0} does not exist in row {1},{0} אינו קיים בשורת {1},
"{0} field cannot be set as unique in {1}, as there are non-unique existing values","{0} השדה יכול לא להיות מוגדר בתור ייחודי {1}, שכן ישנם ערכים קיימים לא ייחודי",
{0} format could not be determined from the values in this column. Defaulting to {1}.,לא ניתן היה לקבוע פורמט {0} מהערכים בעמודה זו. ברירת המחדל היא {1}.,
{0} from {1} to {2},{0} מ-{1} עד {2},
{0} from {1} to {2} in row #{3},{0} מ-{1} עד {2} בשורה מס&#39;{3},
{0} gained {1} point for {2} {3},{0} צבר {1} נקודה עבור {2} {3},
{0} gained {1} points,{0} צבר {1} נקודות,
{0} gained {1} points for {2} {3},{0} צבר {1} נקודות עבור {2} {3},
{0} gave {1} points,{0} נתן {1} נקודות,
{0} h,{0} ש,
{0} has already assigned default value for {1}.,{0} כבר הקצה ערך ברירת מחדל עבור {1}.,
{0} has been successfully added to the Email Group.,{0} נוסף בהצלחה לקבוצת הדוא&quot;ל.,
{0} has left the conversation in {1} {2},{0} עזב את השיחה ב {1} {2},
{0} has no versions tracked.,ל- {0} אין מעקב אחר גרסאות.,
{0} hours ago,לפני {0} שעות,
{0} if you are not redirected within {1} seconds,{0} אם לא יופנה מחדש תוך {1} שניות,
{0} in row {1} cannot have both URL and child items,{0} בשורת {1} לא יכול להיות שני פריטי URL וילד,
{0} is a mandatory field,{0} הוא שדה חובה,
{0} is a not a valid zip file,{0} אינו קובץ zip חוקי,
{0} is an invalid Data field.,{0} הוא שדה נתונים לא חוקי.,
{0} is an invalid email address in 'Recipients',{0} היא כתובת אימייל לא חוקית ב&#39;מקבלים &#39;,
{0} is between {1} and {2},{0} הוא בין {1} ל-{2},
{0} is currently {1},{0} כרגע {1},
{0} is equal to {1},{0} שווה ל-{1},
{0} is greater than or equal to {1},{0} גדול או שווה ל-{1},
{0} is greater than {1},{0} גדול מ-{1},
{0} is less than or equal to {1},{0} קטן או שווה ל-{1},
{0} is less than {1},{0} הוא פחות מ-{1},
{0} is like {1},{0} הוא כמו {1},
{0} is mandatory,{0} הוא חובה,
{0} is not a field of doctype {1},{0} אינו שדה של doctype {1},
{0} is not a raw printing format.,{0} אינו פורמט הדפסה גולמי.,
{0} is not a valid Calendar. Redirecting to default Calendar.,{0} אינו לוח שנה חוקי. מפנה מחדש ליומן ברירת המחדל.,
{0} is not a valid Cron expression.,{0} אינו ביטוי Cron חוקי.,
{0} is not a valid DocType for Dynamic Link,{0} אינו DocType חוקי עבור קישור דינמי,
{0} is not a valid Email Address,{0} אינה כתובת אימייל חוקית,
{0} is not a valid Name,{0} אינו שם חוקי,
{0} is not a valid Phone Number,{0} אינו מספר טלפון חוקי,
{0} is not a valid Workflow State. Please update your Workflow and try again.,{0} אינה מצב זרימת עבודה חוקי. אנא עדכן את זרימת העבודה שלך ונסה שוב.,
{0} is not a valid parent DocType for {1},{0} אינו DocType הורה חוקי עבור {1},
{0} is not a valid parentfield for {1},{0} אינו שדה אב חוקי עבור {1},
{0} is not a valid report format. Report format should one of the following {1},{0} אינו פורמט דוח חוקי. תבנית הדוח צריכה להיות אחת מהבאות {1},
{0} is not a zip file,{0} אינו קובץ zip,
{0} is not equal to {1},{0} אינו שווה ל-{1},
{0} is not like {1},{0} אינו כמו {1},
{0} is not one of {1},{0} אינו אחד מ-{1},
{0} is not set,{0} לא מוגדר,
{0} is now default print format for {1} doctype,{0} הוא כעת תבנית ההדפסה המוגדרת כברירת מחדל עבור {1} doctype,
{0} is one of {1},{0} הוא אחד מ-{1},
{0} is required,{0} נדרש,
{0} is set,{0} מוגדר,
{0} is within {1},{0} נמצא בטווח של {1},
{0} items selected,נבחרו {0} פריטים,
{0} just impersonated as you. They gave this reason: {1},{0} פשוט התחזה כמוך. הם נתנו את הסיבה הזו: {1},
{0} last edited this,{0} ערך את זה לאחרונה,
{0} logged in,{0} מחובר,
{0} logged out: {1},{0} התנתק: {1},
{0} m,{0} מ &#39;,
{0} mentioned you in a comment in {1} {2},{0} הזכיר אותך בתגובה ב- {1} {2},
{0} minutes ago,{0} דקות לפני,
{0} months ago,{0} חודשים לפני,
{0} must be after {1},{0} חייב להיות אחרי {1},
{0} must be beginning with '{1}',{0} חייב להתחיל ב-&#39;{1}&#39;,
{0} must be equal to '{1}',{0} חייב להיות שווה ל-&#39;{1}&#39;,
{0} must be none of {1},{0} חייב להיות אף אחד מ-{1},
{0} must be one of {1},{0} חייב להיות אחד {1},
{0} must be set first,{0} יש להגדיר ראשון,
{0} must be unique,{0} חייב להיות ייחודי,
{0} must be {1} {2},{0} חייב להיות {1} {2},
"{0} must begin and end with a letter and can only contain letters,
				hyphen or underscore.","{0} חייב להתחיל ולהסתיים באות ויכול להכיל רק אותיות,
 מקף או קו תחתון.",
{0} not a valid State,{0} לא חוקי מדינה,
{0} not allowed to be renamed,{0} אינו רשאי לשנות את השם,
{0} not found,{0} לא נמצא,
{0} of {1},{0} מתוך {1},
{0} of {1} ({2} rows with children),{0} מתוך {1} ({2} שורות עם ילדים),
{0} of {1} sent,{0} מתוך {1} נשלחו,
{0} or {1},{0} או {1},
{0} record deleted,הרשומה {0} נמחקה,
{0} records are not automatically deleted.,{0} רשומות אינן נמחקות באופן אוטומטי.,
{0} records are retained for {1} days.,{0} רשומות נשמרות למשך {1} ימים.,
{0} records deleted,{0} רשומות נמחקו,
{0} records will be exported,{0} רשומות ייצאו,
{0} removed attachment {1},{0} הוסר קובץ מצורף {1},Form timeline
{0} removed their assignment.,{0} הסיר את ההקצאה שלו.,
{0} reverted your point on {1},{0} החזיר את נקודתך ב- {1},
{0} reverted your points on {1},{0} החזיר את הנקודות שלך ב- {1},
{0} reverted {1},{0} הוחזר {1},
{0} role does not have permission on any doctype,לתפקיד {0} אין הרשאה לאף doctype,
{0} saved successfully,{0} נשמר בהצלחה,
{0} self assigned this task: {1},{0} הקצה לעצמי משימה זו: {1},
{0} shared a document {1} {2} with you,{0} שיתף איתך מסמך {1} {2},
{0} shared this document with everyone,{0} משותף מסמך זה עם כולם,
{0} shared this document with {1},{0} משותף מסמך זה עם {1},
{0} should be indexed because it's referred in dashboard connections,יש להוסיף את {0} לאינדקס מכיוון שהוא מופנה בחיבורי לוח המחוונים,
{0} should not be same as {1},{0} לא צריך להיות זהה ל- {1},
{0} submitted this document,{0} שלח את המסמך הזה,
{0} submitted this document {1},{0} שלח מסמך זה {1},
{0} subscribers added,{0} מנויים הוסיפו,
{0} to stop receiving emails of this type,{0} כדי להפסיק לקבל דוא&quot;ל מסוג זה,
{0} to {1},{0} עד {1},
{0} un-shared this document with {1},"{0} מסמך זה עם-משותף של האו""ם {1}",
{0} updated,{0} מעודכן,
{0} values selected,נבחרו ערכים {0},
{0} viewed this,{0} צפה בזה,
{0} w,{0} w,
{0} weeks ago,{0} שבועות,
{0} y,{0} y,
{0} years ago,לפני {0} שנים,
{0} {1} added,{0} {1} נוסף,
{0} {1} added to Dashboard {2},{0} {1} נוסף למרכז השליטה {2},
{0} {1} already exists,{0} {1} כבר קיים,
"{0} {1} cannot be ""{2}"". It should be one of ""{3}""","{0} {1} לא יכול להיות ""{2}"". זה צריך להיות אחד מ"" {3} """,
{0} {1} cannot be a leaf node as it has children,{0} {1} לא יכולה להיות צומת עלה כיש לה ילדים,
"{0} {1} does not exist, select a new target to merge","{0} {1} לא קיימת, בחר יעד חדש למזג",
{0} {1} is linked with the following submitted documents: {2},{0} {1} מקושר למסמכים שהוגשו הבאים: {2},
{0} {1} not found,{0} {1} לא נמצא,
{0} {1}: Submitted Record cannot be deleted. You must {2} Cancel {3} it first.,{0} {1}: לא ניתן למחוק את הרשומה שהוגשה. תחילה עליך {2} לבטל {3}.,
"{0}, Row {1}","{0}, {1} שורה",
{0}/{1} complete | Please leave this tab open until completion.,{0}/{1} הושלם | אנא השאר כרטיסייה זו פתוחה עד להשלמתה.,
"{0}: '{1}' ({3}) will get truncated, as max characters allowed is {2}","{0}: &#39;{1}&#39; ({3}) יקוצר, מכיוון שהמקסימום של תווים מותר הוא {2}",
{0}: Cannot set Amend without Cancel,{0}: לא ניתן להגדיר לתקן בלי לבטל,
{0}: Cannot set Assign Amend if not Submittable,{0}: לא ניתן להגדיר הקצאת תיקון אם לא Submittable,
{0}: Cannot set Assign Submit if not Submittable,{0}: לא ניתן להגדיר הקצאה שלח אם לא Submittable,
{0}: Cannot set Cancel without Submit,{0}: לא ניתן להגדיר ביטול ללא הגשה,
{0}: Cannot set Import without Create,{0}: לא ניתן להגדיר יבוא ללא יצירה,
"{0}: Cannot set Submit, Cancel, Amend without Write","{0}: לא ניתן להגדיר שלח, לבטל, לשנות ללא כתיבה",
{0}: Cannot set import as {1} is not importable,{0}: לא ניתן להגדיר ערך בשעה {1} הוא לא יביא,
"{0}: Failed to attach new recurring document. To enable attaching document in the auto repeat notification email, enable {1} in Print Settings","{0}: הצירוף של מסמך חוזר חדש נכשל. כדי לאפשר צירוף מסמך בהודעת הדוא&quot;ל החוזרת האוטומטית, הפעל את {1} בהגדרות ההדפסה",
{0}: Field '{1}' cannot be set as Unique as it has non-unique values,{0}: לא ניתן להגדיר את השדה &#39;{1}&#39; כ&#39;ייחודי &#39;מכיוון שיש לו ערכים לא ייחודיים,
{0}: Field {1} in row {2} cannot be hidden and mandatory without default,{0}: השדה {1} בשורה {2} לא יכול להיות מוסתר וחובה ללא ברירת מחדל,
{0}: Field {1} of type {2} cannot be mandatory,{0}: שדה {1} מסוג {2} לא יכול להיות חובה,
{0}: Fieldname {1} appears multiple times in rows {2},{0}: שם השדה {1} מופיע מספר פעמים בשורות {2},
{0}: Fieldtype {1} for {2} cannot be unique,{0}: סוג השדה {1} עבור {2} לא יכול להיות ייחודי,
{0}: No basic permissions set,{0}: לא להגדיר הרשאות בסיסיות,
"{0}: Only one rule allowed with the same Role, Level and {1}","{0}: רק כלל אחד אפשר באותו התפקיד, ורמה {1}",
{0}: Options must be a valid DocType for field {1} in row {2},{0}: על האפשרויות להיות DocType חוקי עבור שדה {1} בשורה {2},
{0}: Options required for Link or Table type field {1} in row {2},{0}: נדרשות אפשרויות לשדה קישור או סוג טבלה {1} בשורה {2},
{0}: Options {1} must be the same as doctype name {2} for the field {3},{0}: האפשרויות {1} צריכות להיות זהות לשם המסמך {2} עבור השדה {3},
{0}: Other permission rules may also apply,{0}: עשויים לחול כללי הרשאה אחרים,
{0}: Permission at level 0 must be set before higher levels are set,{0}: GNU ברמה 0 חייבים להיות מוגדר לפני רמות גבוהות יותר מוגדרות,
{0}: You can increase the limit for the field if required via {1},{0}: ניתן להגדיל את המגבלה עבור השדה במידת הצורך באמצעות {1},
{0}: fieldname cannot be set to reserved keyword {1},{0}: לא ניתן להגדיר את שם השדה למילת מפתח שמורה {1},
{0}: {1},{0}: {1},
{0}: {1} is set to state {2},{0}: {1} מוגדר למצב {2},
{0}: {1} vs {2},{0}: {1} לעומת {2},
{0}:Fieldtype {1} for {2} cannot be indexed,{0}: לא ניתן להוסיף לאינדקס סוג שדה {1} עבור {2},
{count} cell copied,{count} תא הועתק,
{count} cells copied,{count} תאים הועתקו,
{count} row selected,שורה {count} נבחרה,
{count} rows selected,נבחרו {count} שורות,
{{{0}}} is not a valid fieldname pattern. It should be {{field_name}}.,{{{0}}} הוא לא דפוס fieldname תקף. זה צריך להיות {{}} FIELD_NAME.,
{} Complete,{} הושלם,
{} Invalid python code on line {},{} קוד פיתון לא חוקי בשורה {},
{} Possibly invalid python code. <br>{},{} ייתכן שקוד פיתון לא חוקי.<br> {},
{} does not support automated log clearing.,{} אינו תומך בניקוי יומן אוטומטי.,
{} field cannot be empty.,השדה {} לא יכול להיות ריק.,
{} has been disabled. It can only be enabled if {} is checked.,{} הושבת. ניתן להפעיל אותו רק אם {} מסומן.,
{} is not a valid date string.,{} אינו מחרוזת תאריך חוקית.,
{} not found in PATH! This is required to access the console.,{} לא נמצא ב-PATH! זה נדרש כדי לגשת לקונסולה.,
{} not found in PATH! This is required to restore the database.,{} לא נמצא ב-PATH! זה נדרש כדי לשחזר את מסד הנתונים.,
{} not found in PATH! This is required to take a backup.,{} לא נמצא ב-PATH! זה נדרש כדי לקחת גיבוי.,
← Back to upload files,← חזרה להעלאת קבצים,
